Day,Away,Home,RA,RH,Inn
4,89,CLE,SEA,0,3,9
4,89,CHW,HOU,3,2,9
4,89,LAA,OAK,1,2,9
4,89,PHI,TEX,7,11,9
4,89,DET,TBR,0,4,9
4,89,MIN,KCR,2,0,9
4,89,BAL,BOS,10,9,9
4,89,SFG,NYY,0,5,9
4,89,TOR,STL,10,9,9
4,89,ARI,LAD,2,8,9
4,89,COL,SDP,7,2,9
4,89,MIL,CHC,0,4,9
4,89,PIT,CIN,5,4,9
4,89,ATL,WSN,7,2,9
4,89,NYM,MIA,5,3,9
5,90,CLE,SEA,9,4,9
5,90,CHW,HOU,3,6,9
5,90,ARI,LAD,2,1,9
5,90,COL,SDP,4,1,9
5,90,NYM,MIA,1,2,9
6,91,CLE,SEA,2,0,9
6,91,CHW,HOU,4,6,9
6,91,LAA,OAK,13,1,9
6,91,PHI,TEX,3,16,9
6,91,DET,TBR,2,12,9
6,91,MIN,KCR,2,0,9
6,91,BAL,BOS,8,9,9
6,91,SFG,NYY,7,5,9
6,91,TOR,STL,1,4,9
6,91,ARI,LAD,1,10,9
6,91,COL,SDP,4,8,9
6,91,MIL,CHC,3,1,9
6,91,PIT,CIN,2,6,9
6,91,ATL,WSN,7,1,9
6,91,NYM,MIA,6,2,9
0,92,CLE,SEA,6,5,10
0,92,CHW,HOU,6,3,9
0,92,LAA,OAK,6,0,9
0,92,PHI,TEX,1,2,9
0,92,DET,TBR,1,5,9
0,92,MIN,KCR,7,4,9
0,92,BAL,BOS,5,9,9
0,92,SFG,NYY,0,6,9
0,92,TOR,STL,4,9,9
0,92,ARI,LAD,2,1,9
0,92,COL,SDP,1,3,9
0,92,MIL,CHC,9,5,9
0,92,PIT,CIN,1,3,9
0,92,ATL,WSN,1,4,9
0,92,NYM,MIA,5,1,9
1,93,LAA,SEA,7,3,9
1,93,DET,HOU,7,6,11
1,93,CLE,OAK,12,11,10
1,93,BAL,TEX,2,0,9
1,93,SFG,CHW,12,3,9
1,93,TOR,KCR,5,9,9
1,93,MIN,MIA,11,1,9
1,93,PIT,BOS,7,6,9
1,93,PHI,NYY,1,8,9
1,93,TBR,WSN,6,2,9
1,93,ARI,SDP,4,5,9
1,93,COL,LAD,4,13,9
1,93,CHC,CIN,6,7,9
1,93,NYM,MIL,0,10,9
1,93,ATL,STL,8,4,9
2,94,LAA,SEA,2,11,9
2,94,DET,HOU,6,3,9
2,94,CLE,OAK,3,4,9
2,94,BAL,TEX,7,2,9
2,94,TOR,KCR,4,1,9
2,94,MIN,MIA,0,1,9
2,94,PIT,BOS,4,1,9
2,94,PHI,NYY,4,1,9
2,94,TBR,WSN,10,6,9
2,94,ARI,SDP,8,6,9
2,94,COL,LAD,2,5,9
2,94,CHC,CIN,12,5,9
2,94,NYM,MIL,0,9,9
2,94,ATL,STL,4,1,9
3,95,LAA,SEA,4,3,9
3,95,DET,HOU,2,8,9
3,95,CLE,OAK,6,4,10
3,95,BAL,TEX,2,5,9
3,95,SFG,CHW,3,7,9
3,95,TOR,KCR,3,0,9
3,95,MIN,MIA,2,5,9
3,95,PIT,BOS,4,1,9
3,95,PHI,NYY,2,4,9
3,95,TBR,WSN,7,2,9
3,95,NYM,MIL,6,7,9
3,95,ATL,STL,5,2,9
4,96,SFG,CHW,16,6,9
4,96,BOS,DET,6,3,9
4,96,TOR,KCR,6,3,9
4,96,LAD,ARI,5,2,9
4,96,WSN,COL,0,1,9
4,96,SDP,ATL,6,7,9
5,97,SEA,CLE,5,3,9
5,97,HOU,MIN,2,3,10
5,97,OAK,TBR,5,9,9
5,97,TOR,LAA,4,3,9
5,97,TEX,CHC,0,2,9
5,97,CHW,PIT,9,13,9
5,97,KCR,SFG,3,1,9
5,97,NYY,BAL,6,7,9
5,97,LAD,ARI,3,6,9
5,97,WSN,COL,10,5,9
5,97,SDP,ATL,5,4,9
5,97,CIN,PHI,2,5,9
5,97,STL,MIL,0,4,9
5,97,MIA,NYM,3,9,9
6,98,SEA,CLE,3,2,9
6,98,HOU,MIN,6,9,9
6,98,OAK,TBR,0,11,9
6,98,TOR,LAA,5,9,9
6,98,TEX,CHC,3,10,9
6,98,CHW,PIT,11,5,9
6,98,BOS,DET,14,5,9
6,98,KCR,SFG,6,5,9
6,98,NYY,BAL,4,1,9
6,98,LAD,ARI,8,12,9
6,98,WSN,COL,7,6,9
6,98,SDP,ATL,4,1,9
6,98,CIN,PHI,2,3,9
6,98,STL,MIL,6,0,9
6,98,MIA,NYM,2,5,9
0,99,SEA,CLE,6,7,12
0,99,HOU,MIN,5,1,9
0,99,OAK,TBR,0,11,9
0,99,TOR,LAA,12,11,10
0,99,TEX,CHC,8,2,9
0,99,CHW,PIT,0,1,9
0,99,BOS,DET,4,1,9
0,99,KCR,SFG,1,3,9
0,99,NYY,BAL,5,3,9
0,99,LAD,ARI,6,11,9
0,99,WSN,COL,6,7,9
0,99,SDP,ATL,10,2,9
0,99,CIN,PHI,6,4,9
0,99,STL,MIL,1,6,9
0,99,MIA,NYM,7,2,9
1,100,SEA,CHC,2,3,10
1,100,HOU,PIT,8,2,9
1,100,OAK,BAL,1,5,9
1,100,WSN,LAA,6,4,9
1,100,KCR,TEX,2,11,9
1,100,CHW,MIN,4,3,9
1,100,NYY,CLE,2,3,9
1,100,BOS,TBR,0,1,9
1,100,MIL,ARI,0,3,9
1,100,STL,COL,4,7,9
1,100,LAD,SFG,9,1,9
1,100,SDP,NYM,0,5,9
1,100,CIN,ATL,4,5,10
1,100,MIA,PHI,3,15,9
2,101,SEA,CHC,9,14,9
2,101,HOU,PIT,4,7,9
2,101,OAK,BAL,8,12,9
2,101,WSN,LAA,0,2,9
2,101,KCR,TEX,5,8,10
2,101,CHW,MIN,3,4,10
2,101,NYY,CLE,11,2,9
2,101,DET,TOR,3,9,9
2,101,BOS,TBR,2,7,9
2,101,MIL,ARI,7,1,9
2,101,STL,COL,9,6,9
2,101,LAD,SFG,0,5,9
2,101,SDP,NYM,4,2,9
2,101,CIN,ATL,6,7,9
2,101,MIA,PHI,8,4,9
3,102,SEA,CHC,5,2,9
3,102,HOU,PIT,7,0,9
3,102,OAK,BAL,8,4,9
3,102,WSN,LAA,2,3,9
3,102,KCR,TEX,10,1,9
3,102,CHW,MIN,1,3,9
3,102,NYY,CLE,4,3,9
3,102,DET,TOR,3,4,10
3,102,BOS,TBR,7,9,9
3,102,MIL,ARI,3,7,9
3,102,STL,COL,7,4,9
3,102,LAD,SFG,10,5,9
3,102,SDP,NYM,2,5,9
3,102,CIN,ATL,4,5,9
3,102,MIA,PHI,3,2,10
4,103,OAK,BAL,7,8,9
4,103,DET,TOR,3,1,9
4,103,MIN,NYY,11,2,9
4,103,BOS,TBR,3,9,9
4,103,MIL,SDP,4,3,10
4,103,PHI,CIN,2,6,9
4,103,PIT,STL,5,0,9
5,104,COL,SEA,3,5,9
5,104,TEX,HOU,6,2,9
5,104,NYM,OAK,17,6,9
5,104,LAA,BOS,3,5,9
5,104,BAL,CHW,6,3,9
5,104,CLE,WSN,4,3,9
5,104,SFG,DET,5,7,11
5,104,ATL,KCR,10,3,9
5,104,MIN,NYY,4,3,9
5,104,TBR,TOR,3,6,9
5,104,ARI,MIA,1,5,9
5,104,CHC,LAD,8,2,9
5,104,MIL,SDP,11,2,9
5,104,PHI,CIN,8,3,9
5,104,PIT,STL,0,3,9
6,105,COL,SEA,2,9,9
6,105,TEX,HOU,2,8,9
6,105,NYM,OAK,3,2,9
6,105,LAA,BOS,7,9,9
6,105,BAL,CHW,6,7,10
6,105,CLE,WSN,6,4,9
6,105,SFG,DET,6,7,11
6,105,ATL,KCR,9,3,9
6,105,MIN,NYY,1,6,9
6,105,TBR,TOR,2,5,9
6,105,ARI,MIA,2,3,9
6,105,CHC,LAD,1,2,9
6,105,MIL,SDP,3,10,9
6,105,PHI,CIN,0,13,9
6,105,PIT,STL,6,3,10
0,106,COL,SEA,0,1,9
0,106,TEX,HOU,9,1,9
0,106,NYM,OAK,4,3,10
0,106,LAA,BOS,1,2,9
0,106,BAL,CHW,8,4,9
0,106,CLE,WSN,6,7,9
0,106,ATL,KCR,5,4,9
0,106,MIN,NYY,0,2,9
0,106,TBR,TOR,8,1,9
0,106,ARI,MIA,5,0,9
0,106,CHC,LAD,3,2,9
0,106,MIL,SDP,1,0,9
0,106,PHI,CIN,14,3,9
0,106,PIT,STL,4,5,10
1,107,MIL,SEA,7,3,9
1,107,TOR,HOU,2,9,9
1,107,CHC,OAK,10,1,9
1,107,LAA,BOS,5,4,9
1,107,TEX,KCR,4,0,9
1,107,TBR,CIN,1,8,9
1,107,ARI,STL,6,3,9
1,107,PIT,COL,14,3,9
1,107,NYM,LAD,8,6,9
1,107,ATL,SDP,2,0,9
1,107,SFG,MIA,3,4,9
2,108,MIL,SEA,6,5,11
2,108,TOR,HOU,4,2,9
2,108,CHC,OAK,4,0,9
2,108,LAA,NYY,5,2,9
2,108,TEX,KCR,12,2,9
2,108,PHI,CHW,7,4,9
2,108,PHI,CHW,0,3,9
2,108,CLE,DET,3,4,9
2,108,CLE,DET,0,1,9
2,108,MIN,BOS,4,5,10
2,108,BAL,WSN,1,0,9
2,108,TBR,CIN,10,0,9
2,108,ARI,STL,8,7,9
2,108,PIT,COL,5,3,9
2,108,NYM,LAD,0,5,9
2,108,ATL,SDP,8,1,9
2,108,SFG,MIA,2,4,9
3,109,MIL,SEA,5,3,9
3,109,TOR,HOU,1,8,9
3,109,CHC,OAK,12,2,9
3,109,LAA,NYY,2,3,10
3,109,TEX,KCR,12,3,9
3,109,PHI,CHW,5,2,9
3,109,CLE,DET,3,2,9
3,109,MIN,BOS,10,4,9
3,109,BAL,WSN,4,0,9
3,109,TBR,CIN,8,0,9
3,109,ARI,STL,5,14,9
3,109,PIT,COL,14,3,9
3,109,NYM,LAD,5,3,9
3,109,ATL,SDP,0,1,9
3,109,SFG,MIA,5,2,11
4,110,LAA,NYY,3,9,9
4,110,MIN,BOS,5,11,9
4,110,SDP,ARI,7,5,9
4,110,COL,PHI,5,0,9
4,110,LAD,CHC,6,2,9
4,110,NYM,SFG,9,4,9
4,110,CIN,PIT,3,4,9
5,111,STL,SEA,2,5,9
5,111,HOU,ATL,6,4,9
5,111,OAK,TEX,5,4,9
5,111,KCR,LAA,0,2,9
5,111,CHW,TBR,7,8,9
5,111,DET,BAL,1,2,9
5,111,WSN,MIN,3,2,9
5,111,BOS,MIL,5,3,9
5,111,TOR,NYY,6,1,9
5,111,SDP,ARI,0,9,9
5,111,COL,PHI,3,4,9
5,111,LAD,CHC,0,13,9
5,111,NYM,SFG,7,0,9
5,111,CIN,PIT,2,4,9
6,112,STL,SEA,4,5,9
6,112,HOU,ATL,6,3,9
6,112,OAK,TEX,3,18,9
6,112,KCR,LAA,11,8,9
6,112,CHW,TBR,3,4,10
6,112,MIA,CLE,6,1,9
6,112,MIA,CLE,3,2,9
6,112,DET,BAL,1,5,9
6,112,WSN,MIN,10,4,9
6,112,BOS,MIL,4,5,9
6,112,TOR,NYY,2,3,9
6,112,SDP,ARI,5,3,9
6,112,COL,PHI,3,4,9
6,112,LAD,CHC,9,4,9
6,112,NYM,SFG,4,7,9
6,112,CIN,PIT,1,2,9
0,113,STL,SEA,7,3,9
0,113,HOU,ATL,5,2,9
0,113,OAK,TEX,2,5,9
0,113,KCR,LAA,3,4,9
0,113,CHW,TBR,1,4,9
0,113,MIA,CLE,4,7,9
0,113,DET,BAL,1,2,10
0,113,WSN,MIN,1,3,9
0,113,BOS,MIL,12,5,9
0,113,TOR,NYY,5,1,9
0,113,SDP,ARI,7,5,9
0,113,COL,PHI,3,9,9
0,113,LAD,CHC,7,3,9
0,113,NYM,SFG,4,5,9
0,113,CIN,PIT,0,2,9
1,114,HOU,TBR,3,8,9
1,114,OAK,LAA,11,10,10
1,114,TEX,CIN,6,7,9
1,114,CHW,TOR,2,5,9
1,114,COL,CLE,6,0,9
1,114,DET,MIL,4,2,9
1,114,KCR,ARI,4,5,9
1,114,NYY,MIN,1,6,9
1,114,BOS,BAL,4,5,9
1,114,STL,SFG,0,4,9
1,114,MIA,ATL,0,11,9
2,115,SEA,PHI,5,3,9
2,115,HOU,TBR,5,0,9
2,115,OAK,LAA,3,5,9
2,115,TEX,CIN,6,7,9
2,115,CHW,TOR,0,7,9
2,115,COL,CLE,5,1,9
2,115,DET,MIL,4,3,9
2,115,KCR,ARI,5,4,9
2,115,NYY,MIN,2,6,9
2,115,BOS,BAL,8,6,9
2,115,LAD,PIT,8,7,9
2,115,SDP,CHC,0,6,9
2,115,STL,SFG,4,5,9
2,115,MIA,ATL,4,7,9
2,115,WSN,NYM,5,0,9
3,116,SEA,PHI,5,6,9
3,116,HOU,TBR,1,0,9
3,116,OAK,LAA,3,11,9
3,116,TEX,CIN,3,5,9
3,116,CHW,TOR,0,8,9
3,116,COL,CLE,1,4,9
3,116,DET,MIL,2,6,9
3,116,KCR,ARI,0,2,9
3,116,NYY,MIN,12,6,9
3,116,BOS,BAL,2,6,9
3,116,LAD,PIT,1,8,9
3,116,SDP,CHC,5,3,9
3,116,STL,SFG,3,7,9
3,116,MIA,ATL,4,6,9
3,116,WSN,NYM,4,1,9
4,117,SEA,PHI,0,1,9
4,117,OAK,LAA,7,8,9
4,117,NYY,TEX,4,2,9
4,117,TBR,CHW,14,5,9
4,117,BAL,DET,7,4,9
4,117,KCR,MIN,1,7,9
4,117,LAD,PIT,2,6,9
4,117,SDP,CHC,2,5,9
4,117,STL,SFG,6,0,9
4,117,MIA,ATL,5,4,9
4,117,WSN,NYM,8,9,9
5,118,SEA,TOR,2,3,9
5,118,PHI,HOU,3,1,9
5,118,CIN,OAK,11,7,9
5,118,LAA,MIL,1,2,9
5,118,NYY,TEX,2,5,9
5,118,TBR,CHW,3,2,9
5,118,CLE,BOS,5,2,9
5,118,KCR,MIN,6,8,9
5,118,ARI,COL,9,1,9
5,118,STL,LAD,3,7,9
5,118,CHC,MIA,2,3,9
5,118,ATL,NYM,4,0,5
6,119,SEA,TOR,0,1,10
6,119,PHI,HOU,6,1,9
6,119,CIN,OAK,3,2,9
6,119,LAA,MIL,5,7,9
6,119,NYY,TEX,0,2,9
6,119,TBR,CHW,12,3,9
6,119,CLE,BOS,7,8,10
6,119,BAL,DET,4,7,9
6,119,BAL,DET,6,4,9
6,119,KCR,MIN,3,2,9
6,119,ARI,COL,11,4,9
6,119,STL,LAD,0,1,9
6,119,SFG,SDP,11,16,9
6,119,CHC,MIA,6,7,9
6,119,PIT,WSN,6,3,9
6,119,PIT,WSN,16,1,9
0,120,SEA,TOR,10,8,10
0,120,PHI,HOU,3,4,9
0,120,CIN,OAK,4,5,9
0,120,LAA,MIL,3,0,9
0,120,NYY,TEX,2,15,9
0,120,TBR,CHW,9,12,9
0,120,CLE,BOS,1,7,9
0,120,BAL,DET,5,3,9
0,120,KCR,MIN,4,8,9
0,120,ARI,COL,4,12,9
0,120,STL,LAD,3,6,9
0,120,SFG,SDP,4,6,9
0,120,CHC,MIA,3,4,9
0,120,PIT,WSN,2,7,9
1,121,SFG,HOU,3,7,9
1,121,CLE,NYY,3,2,9
1,121,TOR,BOS,5,6,9
1,121,PHI,LAD,4,13,9
1,121,CIN,SDP,3,8,9
1,121,CHC,WSN,5,1,9
1,121,ATL,NYM,9,8,9
1,121,ATL,NYM,3,5,9
2,122,SEA,OAK,2,1,9
2,122,SFG,HOU,2,0,9
2,122,LAA,STL,5,1,9
2,122,ARI,TEX,4,6,9
2,122,MIN,CHW,2,3,10
2,122,CLE,NYY,2,4,9
2,122,BAL,KCR,11,7,9
2,122,TOR,BOS,6,7,9
2,122,PIT,TBR,1,4,9
2,122,MIL,COL,2,3,9
2,122,PHI,LAD,1,13,9
2,122,CIN,SDP,2,1,10
2,122,CHC,WSN,1,4,9
2,122,ATL,MIA,6,0,9
3,123,SEA,OAK,7,2,10
3,123,SFG,HOU,4,2,9
3,123,LAA,STL,6,4,9
3,123,ARI,TEX,12,7,9
3,123,MIN,CHW,4,6,9
3,123,CLE,NYY,3,4,10
3,123,NYM,DET,5,6,9
3,123,NYM,DET,1,8,9
3,123,BAL,KCR,0,6,9
3,123,TOR,BOS,3,8,9
3,123,PIT,TBR,1,8,9
3,123,MIL,COL,1,7,9
3,123,PHI,LAD,6,10,9
3,123,CIN,SDP,1,7,9
3,123,CHC,WSN,1,2,9
3,123,ATL,MIA,14,6,9
4,124,SEA,OAK,5,3,9
4,124,LAA,STL,11,7,9
4,124,MIN,CHW,7,3,12
4,124,NYM,DET,0,2,9
4,124,BAL,KCR,13,10,9
4,124,TOR,BOS,5,11,9
4,124,PIT,TBR,2,3,9
4,124,MIL,COL,6,9,9
4,124,CHC,WSN,3,4,9
4,124,ATL,MIA,6,3,9
5,125,HOU,SEA,6,4,9
5,125,OAK,KCR,12,8,9
5,125,TEX,LAA,4,5,10
5,125,CHW,CIN,5,4,9
5,125,MIN,CLE,2,0,9
5,125,DET,STL,5,4,9
5,125,BAL,ATL,9,4,9
5,125,BOS,PHI,5,3,9
5,125,NYY,TBR,4,5,9
5,125,TOR,PIT,4,0,9
5,125,WSN,ARI,1,3,9
5,125,COL,NYM,0,1,9
5,125,LAD,SDP,2,5,9
5,125,MIL,SFG,4,6,9
5,125,MIA,CHC,1,4,9
6,126,HOU,SEA,5,7,9
6,126,OAK,KCR,5,4,9
6,126,TEX,LAA,10,1,9
6,126,CHW,CIN,3,5,9
6,126,MIN,CLE,3,4,9
6,126,DET,STL,6,5,10
6,126,BAL,ATL,4,5,9
6,126,BOS,PHI,7,4,9
6,126,NYY,TBR,3,2,9
6,126,TOR,PIT,8,2,9
6,126,WSN,ARI,7,8,9
6,126,COL,NYM,5,2,9
6,126,LAD,SDP,2,1,9
6,126,MIL,SFG,1,4,9
6,126,MIA,CHC,2,4,9
0,127,HOU,SEA,1,3,9
0,127,OAK,KCR,1,5,9
0,127,TEX,LAA,16,8,9
0,127,CHW,CIN,17,4,9
0,127,MIN,CLE,0,2,9
0,127,DET,STL,6,12,9
0,127,BAL,ATL,2,3,12
0,127,BOS,PHI,1,6,9
0,127,NYY,TBR,7,8,10
0,127,TOR,PIT,10,1,9
0,127,WSN,ARI,9,8,9
0,127,COL,NYM,13,6,9
0,127,LAD,SDP,5,2,10
0,127,MIL,SFG,7,3,9
0,127,MIA,CHC,5,4,14
1,128,TEX,SEA,2,1,9
1,128,HOU,LAA,4,6,9
1,128,OAK,NYY,2,7,9
1,128,CHW,KCR,5,12,9
1,128,DET,CLE,6,2,9
1,128,TBR,BAL,3,0,9
1,128,MIA,ARI,2,5,9
1,128,COL,PIT,0,2,9
1,128,LAD,MIL,3,9,9
1,128,WSN,SFG,5,1,9
1,128,STL,CHC,3,1,9
2,129,TEX,SEA,0,5,9
2,129,HOU,LAA,3,1,9
2,129,OAK,NYY,5,10,9
2,129,CHW,KCR,4,2,9
2,129,DET,CLE,0,2,9
2,129,SDP,MIN,6,1,9
2,129,TBR,BAL,2,4,9
2,129,BOS,ATL,3,9,9
2,129,TOR,PHI,4,8,9
2,129,MIA,ARI,6,2,9
2,129,COL,PIT,10,1,9
2,129,LAD,MIL,6,2,9
2,129,WSN,SFG,1,4,9
2,129,STL,CHC,6,4,9
2,129,NYM,CIN,6,7,9
3,130,TEX,SEA,4,3,9
3,130,HOU,LAA,5,4,9
3,130,OAK,NYY,3,11,9
3,130,CHW,KCR,1,9,9
3,130,DET,CLE,5,0,9
3,130,SDP,MIN,3,4,11
3,130,TBR,BAL,1,2,9
3,130,BOS,ATL,5,2,9
3,130,TOR,PHI,1,2,10
3,130,MIA,ARI,5,4,9
3,130,COL,PIT,4,3,9
3,130,LAD,MIL,8,1,9
3,130,WSN,SFG,11,6,9
3,130,STL,CHC,4,10,9
3,130,NYM,CIN,2,1,9
4,131,TEX,OAK,4,0,9
4,131,CHW,KCR,3,4,9
4,131,SDP,MIN,3,5,9
4,131,TBR,NYY,8,2,9
4,131,SFG,ARI,6,2,9
4,131,NYM,CIN,0,5,9
5,132,SEA,DET,9,2,9
5,132,HOU,CHW,5,1,9
5,132,TEX,OAK,7,9,10
5,132,LAA,CLE,5,4,9
5,132,KCR,MIL,1,5,9
5,132,CHC,MIN,6,2,9
5,132,PIT,BAL,3,6,9
5,132,STL,BOS,8,6,9
5,132,TBR,NYY,5,6,9
5,132,ATL,TOR,0,3,9
5,132,SFG,ARI,5,7,9
5,132,PHI,COL,6,3,9
5,132,SDP,LAD,2,4,9
5,132,CIN,MIA,7,4,9
5,132,NYM,WSN,3,2,9
6,133,SEA,DET,5,0,9
6,133,HOU,CHW,1,3,9
6,133,TEX,OAK,5,0,9
6,133,LAA,CLE,6,8,9
6,133,KCR,MIL,3,4,9
6,133,CHC,MIN,1,11,9
6,133,PIT,BAL,0,2,9
6,133,STL,BOS,4,3,9
6,133,TBR,NYY,8,9,9
6,133,ATL,TOR,2,5,9
6,133,SFG,ARI,2,7,9
6,133,PHI,COL,7,4,9
6,133,SDP,LAD,2,4,9
6,133,CIN,MIA,6,5,9
6,133,NYM,WSN,2,3,9
0,134,SEA,DET,3,5,9
0,134,HOU,CHW,4,3,9
0,134,TEX,OAK,11,3,9
0,134,LAA,CLE,3,4,9
0,134,KCR,MIL,6,9,9
0,134,CHC,MIN,3,16,9
0,134,PIT,BAL,4,0,9
0,134,STL,BOS,9,1,9
0,134,TBR,NYY,8,7,9
0,134,ATL,TOR,5,6,9
0,134,SFG,ARI,1,2,9
0,134,PHI,COL,0,4,9
0,134,SDP,LAD,0,4,9
0,134,CIN,MIA,1,3,9
0,134,NYM,WSN,8,2,9
1,135,SEA,BOS,10,1,9
1,135,CHC,HOU,4,6,9
1,135,ARI,OAK,5,2,9
1,135,LAA,BAL,9,5,9
1,135,ATL,TEX,12,0,9
1,135,KCR,SDP,0,4,9
1,135,MIN,LAD,8,9,12
1,135,NYY,TOR,7,4,9
1,135,CIN,COL,8,9,9
1,135,PHI,SFG,3,6,9
1,135,MIL,STL,1,18,9
1,135,NYM,WSN,3,10,9
2,136,SEA,BOS,4,9,9
2,136,CHC,HOU,3,7,9
2,136,ARI,OAK,8,9,12
2,136,LAA,BAL,3,7,9
2,136,ATL,TEX,4,7,9
2,136,CLE,CHW,3,8,9
2,136,PIT,DET,0,4,9
2,136,KCR,SDP,5,4,9
2,136,MIN,LAD,5,1,9
2,136,NYY,TOR,6,3,9
2,136,TBR,NYM,8,5,9
2,136,CIN,COL,3,1,9
2,136,PHI,SFG,3,4,9
2,136,MIL,STL,3,2,9
2,136,WSN,MIA,4,5,9
3,137,SEA,BOS,3,12,9
3,137,CHC,HOU,6,7,9
3,137,ARI,OAK,5,3,9
3,137,LAA,BAL,1,3,9
3,137,ATL,TEX,6,5,9
3,137,CLE,CHW,2,7,9
3,137,PIT,DET,8,0,9
3,137,KCR,SDP,4,3,9
3,137,MIN,LAD,3,7,9
3,137,NYY,TOR,0,3,10
3,137,TBR,NYM,7,8,10
3,137,CIN,COL,6,11,9
3,137,PHI,SFG,4,7,9
3,137,MIL,STL,0,3,9
3,137,WSN,MIA,3,4,9
4,138,LAA,BAL,6,5,9
4,138,CLE,CHW,3,1,9
4,138,NYY,TOR,4,2,9
4,138,TBR,NYM,2,3,9
4,138,LAD,STL,8,16,9
4,138,WSN,MIA,3,5,9
5,139,SEA,ATL,2,6,9
5,139,OAK,HOU,1,5,9
5,139,MIN,LAA,4,5,9
5,139,COL,TEX,2,7,9
5,139,KCR,CHW,0,2,9
5,139,CLE,NYM,9,10,10
5,139,DET,WSN,8,6,9
5,139,BAL,TOR,6,2,9
5,139,BOS,SDP,6,1,9
5,139,NYY,CIN,6,2,9
5,139,MIL,TBR,0,1,9
5,139,ARI,PIT,3,13,9
5,139,LAD,STL,5,0,9
5,139,MIA,SFG,3,4,9
5,139,CHC,PHI,10,1,9
6,140,SEA,ATL,7,3,9
6,140,OAK,HOU,2,3,9
6,140,MIN,LAA,6,2,9
6,140,COL,TEX,5,11,9
6,140,KCR,CHW,1,5,9
6,140,DET,WSN,2,5,9
6,140,BAL,TOR,6,5,10
6,140,BOS,SDP,4,2,9
6,140,NYY,CIN,7,4,10
6,140,MIL,TBR,4,8,9
6,140,ARI,PIT,4,3,9
6,140,LAD,STL,5,6,9
6,140,MIA,SFG,1,0,9
6,140,CHC,PHI,3,12,9
0,141,SEA,ATL,2,3,9
0,141,OAK,HOU,0,2,9
0,141,MIN,LAA,2,4,9
0,141,COL,TEX,3,13,9
0,141,KCR,CHW,2,5,9
0,141,CLE,NYM,4,5,9
0,141,CLE,NYM,1,2,9
0,141,DET,WSN,4,6,9
0,141,BAL,TOR,8,3,11
0,141,BOS,SDP,0,7,9
0,141,NYY,CIN,4,1,9
0,141,MIL,TBR,6,4,9
0,141,ARI,PIT,8,3,9
0,141,LAD,STL,5,10,9
0,141,MIA,SFG,5,7,9
0,141,CHC,PHI,1,2,9
1,142,OAK,SEA,2,11,9
1,142,HOU,MIL,12,2,9
1,142,BOS,LAA,1,2,9
1,142,TEX,PIT,4,6,9
1,142,CHW,CLE,0,3,9
1,142,DET,KCR,8,5,10
1,142,SFG,MIN,4,1,9
1,142,TOR,TBR,4,6,9
1,142,ARI,PHI,6,3,9
1,142,MIA,COL,3,5,9
1,142,LAD,ATL,8,6,9
1,142,STL,CIN,5,6,10
2,143,OAK,SEA,2,3,9
2,143,HOU,MIL,0,6,9
2,143,BOS,LAA,0,4,9
2,143,TEX,PIT,6,1,9
2,143,CHW,CLE,4,2,9
2,143,DET,KCR,1,4,9
2,143,SFG,MIN,4,3,9
2,143,BAL,NYY,5,6,10
2,143,TOR,TBR,20,1,9
2,143,ARI,PHI,4,3,9
2,143,MIA,COL,4,5,9
2,143,LAD,ATL,8,1,9
2,143,SDP,WSN,7,4,9
2,143,NYM,CHC,2,7,9
2,143,STL,CIN,8,5,9
3,144,OAK,SEA,1,6,9
3,144,HOU,MIL,0,4,9
3,144,BOS,LAA,3,7,9
3,144,TEX,PIT,3,2,9
3,144,CHW,CLE,6,0,9
3,144,DET,KCR,6,4,9
3,144,SFG,MIN,1,7,9
3,144,BAL,NYY,9,6,9
3,144,TOR,TBR,3,7,9
3,144,ARI,PHI,5,6,10
3,144,MIA,COL,10,2,9
3,144,LAD,ATL,3,4,9
3,144,SDP,WSN,3,5,9
3,144,NYM,CHC,2,4,9
3,144,STL,CIN,3,10,9
4,145,OAK,SEA,2,3,9
4,145,CHW,DET,2,7,9
4,145,BAL,NYY,3,1,9
4,145,TOR,TBR,3,6,9
4,145,MIA,COL,6,7,9
4,145,SDP,WSN,8,6,9
4,145,SFG,MIL,5,0,9
4,145,NYM,CHC,10,1,9
4,145,STL,CIN,2,1,9
4,145,PHI,ATL,5,8,9
5,146,PIT,SEA,11,6,9
5,146,HOU,OAK,5,2,9
5,146,MIA,LAA,6,2,9
5,146,TEX,BAL,12,2,9
5,146,CHW,DET,12,3,9
5,146,STL,CLE,3,4,9
5,146,WSN,KCR,12,10,9
5,146,TOR,MIN,3,1,9
5,146,BOS,ARI,7,2,9
5,146,SDP,NYY,5,1,9
5,146,LAD,TBR,3,9,9
5,146,NYM,COL,5,2,9
5,146,SFG,MIL,15,1,9
5,146,CIN,CHC,9,0,9
5,146,PHI,ATL,6,4,9
6,147,PIT,SEA,0,5,9
6,147,HOU,OAK,6,3,9
6,147,MIA,LAA,8,5,10
6,147,TEX,BAL,5,3,9
6,147,CHW,DET,3,7,9
6,147,STL,CLE,2,1,10
6,147,WSN,KCR,4,2,9
6,147,TOR,MIN,7,9,9
6,147,BOS,ARI,2,1,9
6,147,SDP,NYY,2,3,10
6,147,LAD,TBR,6,5,9
6,147,NYM,COL,7,10,9
6,147,SFG,MIL,3,1,9
6,147,CIN,CHC,8,5,9
6,147,PHI,ATL,2,1,9
0,148,PIT,SEA,3,6,10
0,148,HOU,OAK,10,1,9
0,148,MIA,LAA,2,0,9
0,148,TEX,BAL,2,3,9
0,148,CHW,DET,5,6,10
0,148,STL,CLE,3,4,9
0,148,WSN,KCR,2,3,9
0,148,TOR,MIN,3,0,9
0,148,BOS,ARI,2,4,9
0,148,SDP,NYY,7,10,9
0,148,LAD,TBR,10,11,9
0,148,NYM,COL,10,11,9
0,148,SFG,MIL,5,7,9
0,148,CIN,CHC,8,5,9
0,148,PHI,ATL,4,11,9
1,149,NYY,SEA,10,4,9
1,149,MIN,HOU,7,5,10
1,149,ATL,OAK,2,7,9
1,149,LAA,CHW,6,4,9
1,149,TEX,DET,5,0,9
1,149,CLE,BAL,5,0,9
1,149,KCR,STL,7,0,9
1,149,TBR,CHC,0,1,9
1,149,COL,ARI,5,7,9
1,149,WSN,LAD,1,6,9
1,149,PIT,SFG,4,14,9
2,150,NYY,SEA,10,2,9
2,150,MIN,HOU,1,5,9
2,150,ATL,OAK,1,2,9
2,150,LAA,CHW,3,7,9
2,150,TEX,DET,10,6,9
2,150,CLE,BAL,5,8,9
2,150,KCR,STL,1,2,9
2,150,CIN,BOS,9,8,9
2,150,TBR,CHC,1,2,9
2,150,MIL,TOR,2,7,9
2,150,COL,ARI,1,5,9
2,150,WSN,LAD,3,9,9
2,150,SDP,MIA,9,4,9
2,150,PIT,SFG,2,1,9
2,150,PHI,NYM,0,2,9
3,151,NYY,SEA,0,1,10
3,151,MIN,HOU,8,2,9
3,151,ATL,OAK,4,2,9
3,151,LAA,CHW,12,5,9
3,151,TEX,DET,2,3,9
3,151,CLE,BAL,12,8,9
3,151,CIN,BOS,5,4,9
3,151,TBR,CHC,4,3,9
3,151,MIL,TOR,4,2,9
3,151,COL,ARI,0,6,9
3,151,WSN,LAD,10,6,9
3,151,SDP,MIA,1,2,9
3,151,PIT,SFG,9,4,9
3,151,PHI,NYM,1,4,9
4,152,LAA,HOU,2,5,9
4,152,CLE,MIN,6,7,9
4,152,CIN,BOS,2,8,9
4,152,MIL,TOR,1,3,9
4,152,COL,ARI,4,5,9
4,152,SDP,MIA,10,1,9
4,152,PHI,NYM,2,4,9
5,153,SEA,TEX,0,2,9
5,153,LAA,HOU,2,6,9
5,153,OAK,MIA,0,4,9
5,153,DET,CHW,0,3,9
5,153,CLE,MIN,0,1,9
5,153,COL,KCR,7,2,9
5,153,BAL,SFG,3,2,9
5,153,NYY,LAD,4,8,9
5,153,TOR,NYM,3,0,9
5,153,ATL,ARI,2,3,9
5,153,CHC,SDP,2,1,9
5,153,MIL,CIN,5,4,11
5,153,STL,PIT,5,7,9
5,153,PHI,WSN,7,8,9
6,154,SEA,TEX,6,16,9
6,154,LAA,HOU,6,9,9
6,154,OAK,MIA,1,12,9
6,154,DET,CHW,1,2,10
6,154,CLE,MIN,4,2,9
6,154,COL,KCR,6,4,9
6,154,BAL,SFG,0,4,9
6,154,TBR,BOS,5,8,9
6,154,TBR,BOS,4,2,9
6,154,NYY,LAD,6,3,9
6,154,TOR,NYM,2,1,9
6,154,ATL,ARI,5,2,9
6,154,CHC,SDP,0,6,9
6,154,MIL,CIN,10,8,9
6,154,STL,PIT,3,4,9
6,154,PHI,WSN,4,2,9
0,155,SEA,TEX,3,12,9
0,155,LAA,HOU,2,1,9
0,155,OAK,MIA,5,7,9
0,155,DET,CHW,2,6,9
0,155,CLE,MIN,2,1,9
0,155,COL,KCR,0,2,9
0,155,BAL,SFG,8,3,9
0,155,TBR,BOS,6,2,9
0,155,NYY,LAD,4,1,9
0,155,TOR,NYM,6,4,9
0,155,ATL,ARI,8,5,9
0,155,CHC,SDP,7,1,9
0,155,MIL,CIN,5,1,9
0,155,STL,PIT,1,2,9
0,155,PHI,WSN,11,3,9
1,156,HOU,TOR,11,4,9
1,156,OAK,PIT,4,5,9
1,156,STL,TEX,3,4,9
1,156,DET,PHI,3,8,9
1,156,KCR,MIA,6,9,9
1,156,TBR,BOS,4,1,9
1,156,CHC,SDP,0,5,9
1,156,MIL,CIN,0,2,9
2,157,SEA,SDP,4,1,9
2,157,HOU,TOR,1,5,9
2,157,OAK,PIT,11,2,9
2,157,CHC,LAA,4,7,9
2,157,STL,TEX,4,6,9
2,157,CHW,NYY,3,2,9
2,157,BOS,CLE,5,4,9
2,157,DET,PHI,0,1,9
2,157,KCR,MIA,1,6,9
2,157,MIN,TBR,0,7,9
2,157,BAL,MIL,3,4,10
2,157,ARI,WSN,10,5,9
2,157,SFG,COL,10,4,9
2,157,LAD,CIN,8,9,9
2,157,NYM,ATL,4,6,9
3,158,SEA,SDP,3,10,9
3,158,HOU,TOR,2,3,9
3,158,OAK,PIT,9,5,9
3,158,CHC,LAA,2,6,9
3,158,STL,TEX,1,0,9
3,158,BOS,CLE,2,5,9
3,158,KCR,MIA,1,6,9
3,158,MIN,TBR,1,2,9
3,158,BAL,MIL,2,10,9
3,158,ARI,WSN,6,2,9
3,158,SFG,COL,5,4,9
3,158,LAD,CIN,6,8,9
3,158,NYM,ATL,5,7,9
4,159,HOU,TOR,2,3,9
4,159,CHC,LAA,1,3,9
4,159,CHW,NYY,6,5,9
4,159,CHW,NYY,0,3,9
4,159,BOS,CLE,3,10,9
4,159,DET,PHI,2,3,9
4,159,MIN,TBR,2,4,9
4,159,BAL,MIL,6,3,9
4,159,SFG,COL,6,4,9
4,159,LAD,CIN,6,0,9
4,159,NYM,ATL,10,13,10
5,160,SEA,LAA,4,5,9
5,160,HOU,CLE,9,10,14
5,160,OAK,MIL,5,2,9
5,160,TEX,TBR,3,8,9
5,160,MIA,CHW,1,2,9
5,160,ARI,DET,11,6,9
5,160,KCR,BAL,2,3,9
5,160,MIN,TOR,3,2,10
5,160,BOS,NYY,3,2,9
5,160,SDP,COL,9,6,9
5,160,LAD,PHI,4,5,9
5,160,CHC,SFG,3,2,9
5,160,CIN,STL,4,7,9
5,160,NYM,PIT,7,14,9
5,160,WSN,ATL,2,3,9
6,161,SEA,LAA,6,2,9
6,161,HOU,CLE,6,4,9
6,161,OAK,MIL,2,1,10
6,161,TEX,TBR,8,4,9
6,161,MIA,CHW,5,1,9
6,161,ARI,DET,5,0,9
6,161,KCR,BAL,1,6,9
6,161,MIN,TOR,9,4,9
6,161,BOS,NYY,1,3,9
6,161,SDP,COL,3,2,9
6,161,LAD,PHI,9,0,9
6,161,CHC,SFG,4,0,9
6,161,CIN,STL,8,4,9
6,161,NYM,PIT,5,1,9
6,161,WSN,ATL,4,6,9
0,162,SEA,LAA,4,9,9
0,162,HOU,CLE,0,5,9
0,162,OAK,MIL,8,6,9
0,162,TEX,TBR,3,7,9
0,162,MIA,CHW,6,5,9
0,162,ARI,DET,7,5,9
0,162,KCR,BAL,3,11,9
0,162,MIN,TOR,6,7,9
0,162,BOS,NYY,3,2,10
0,162,SDP,COL,4,5,9
0,162,LAD,PHI,3,7,9
0,162,CHC,SFG,3,13,9
0,162,CIN,STL,4,3,9
0,162,NYM,PIT,1,2,9
0,162,WSN,ATL,6,2,9
1,163,MIA,SEA,1,8,9
1,163,TBR,OAK,3,4,9
1,163,LAA,TEX,9,6,12
1,163,ATL,DET,5,6,10
1,163,CIN,KCR,5,4,10
1,163,COL,BOS,4,3,10
1,163,PHI,ARI,8,9,9
1,163,SFG,STL,4,3,9
2,164,MIA,SEA,3,9,9
2,164,WSN,HOU,1,6,9
2,164,TBR,OAK,1,2,9
2,164,LAA,TEX,7,3,9
2,164,CHW,LAD,1,5,9
2,164,CLE,SDP,3,6,9
2,164,CIN,KCR,5,4,9
2,164,MIL,MIN,5,7,9
2,164,TOR,BAL,6,11,9
2,164,COL,BOS,7,6,10
2,164,NYY,NYM,7,6,9
2,164,PHI,ARI,15,3,9
2,164,SFG,STL,11,3,9
2,164,PIT,CHC,3,11,9
3,165,MIA,SEA,4,1,9
3,165,WSN,HOU,4,5,9
3,165,TBR,OAK,6,3,9
3,165,LAA,TEX,3,6,9
3,165,CHW,LAD,8,4,9
3,165,CLE,SDP,0,5,9
3,165,ATL,DET,10,7,9
3,165,ATL,DET,6,5,9
3,165,CIN,KCR,7,4,9
3,165,MIL,MIN,2,4,9
3,165,TOR,BAL,3,1,9
3,165,COL,BOS,3,6,9
3,165,NYY,NYM,3,4,10
3,165,PHI,ARI,4,3,10
3,165,SFG,STL,8,5,10
3,165,PIT,CHC,6,10,9
4,166,WSN,HOU,4,1,10
4,166,TBR,OAK,4,3,9
4,166,LAA,TEX,5,3,9
4,166,CHW,LAD,4,5,11
4,166,CLE,SDP,8,6,9
4,166,DET,MIN,8,4,9
4,166,TOR,BAL,2,4,9
4,166,PHI,ARI,5,4,9
4,166,COL,ATL,3,8,9
4,166,PIT,CHC,2,7,9
5,167,CHW,SEA,2,3,9
5,167,CIN,HOU,2,1,9
5,167,PHI,OAK,6,1,9
5,167,LAA,KCR,3,0,9
5,167,TOR,TEX,2,1,9
5,167,CLE,ARI,1,5,9
5,167,DET,MIN,7,1,9
5,167,BAL,CHC,3,10,9
5,167,NYY,BOS,5,15,9
5,167,TBR,SDP,6,2,9
5,167,COL,ATL,1,8,9
5,167,SFG,LAD,7,5,11
5,167,PIT,MIL,4,5,9
5,167,STL,NYM,1,6,9
5,167,MIA,WSN,6,5,9
6,168,CHW,SEA,4,3,11
6,168,CIN,HOU,10,3,9
6,168,PHI,OAK,3,2,12
6,168,LAA,KCR,9,10,9
6,168,TOR,TEX,2,4,9
6,168,CLE,ARI,3,6,9
6,168,DET,MIN,0,2,9
6,168,BAL,CHC,2,3,9
6,168,TBR,SDP,0,2,9
6,168,COL,ATL,2,10,9
6,168,SFG,LAD,15,0,9
6,168,PIT,MIL,0,5,9
6,168,STL,NYM,5,3,9
6,168,MIA,WSN,5,2,9
0,169,CHW,SEA,1,5,9
0,169,CIN,HOU,9,7,10
0,169,PHI,OAK,3,2,9
0,169,LAA,KCR,5,2,9
0,169,TOR,TEX,7,11,9
0,169,CLE,ARI,12,3,9
0,169,DET,MIN,6,4,9
0,169,BAL,CHC,6,3,9
0,169,NYY,BOS,2,6,9
0,169,NYY,BOS,1,4,9
0,169,TBR,SDP,4,5,9
0,169,COL,ATL,6,14,9
0,169,SFG,LAD,7,3,9
0,169,PIT,MIL,2,5,9
0,169,STL,NYM,8,7,9
0,169,MIA,WSN,4,2,9
1,170,NYM,HOU,11,1,9
1,170,TEX,CHW,5,2,9
1,170,KCR,DET,4,6,9
1,170,BOS,MIN,9,3,9
1,170,TOR,MIA,0,11,9
1,170,ARI,MIL,9,1,9
1,170,COL,CIN,4,5,9
1,170,SDP,SFG,4,7,10
1,170,CHC,PIT,8,0,9
1,170,STL,WSN,8,6,9
2,171,SEA,NYY,1,3,9
2,171,NYM,HOU,2,4,9
2,171,OAK,CLE,2,3,10
2,171,LAD,LAA,2,0,9
2,171,TEX,CHW,6,7,9
2,171,KCR,DET,1,0,9
2,171,BOS,MIN,10,4,9
2,171,BAL,TBR,8,6,9
2,171,TOR,MIA,2,0,9
2,171,ARI,MIL,5,7,9
2,171,COL,CIN,6,8,9
2,171,SDP,SFG,3,4,9
2,171,CHC,PIT,4,0,9
2,171,STL,WSN,9,3,9
2,171,ATL,PHI,4,2,9
3,172,SEA,NYY,2,4,9
3,172,NYM,HOU,8,10,9
3,172,OAK,CLE,6,7,9
3,172,LAD,LAA,2,0,9
3,172,TEX,CHW,6,3,9
3,172,KCR,DET,4,9,9
3,172,BOS,MIN,4,5,10
3,172,BAL,TBR,2,7,9
3,172,TOR,MIA,6,3,9
3,172,ARI,MIL,5,1,9
3,172,COL,CIN,3,5,9
3,172,SDP,SFG,2,4,9
3,172,CHC,PIT,8,3,9
3,172,STL,WSN,0,3,9
4,173,SEA,NYY,10,2,9
4,173,OAK,CLE,1,6,9
4,173,KCR,TBR,6,5,9
4,173,BOS,MIN,0,6,9
4,173,ARI,WSN,5,3,9
4,173,SDP,SFG,10,0,9
4,173,PIT,MIA,4,6,9
4,173,ATL,PHI,5,1,10
5,174,SEA,BAL,13,1,9
5,174,HOU,LAD,2,3,9
5,174,OAK,TOR,5,4,9
5,174,LAA,COL,4,7,9
5,174,TEX,NYY,4,2,10
5,174,BOS,CHW,3,1,9
5,174,MIL,CLE,7,1,9
5,174,MIN,DET,4,1,9
5,174,KCR,TBR,3,11,9
5,174,ARI,SFG,5,8,9
5,174,WSN,SDP,3,13,9
5,174,ATL,CIN,10,11,9
5,174,PIT,MIA,3,1,9
5,174,NYM,PHI,1,5,9
6,175,SEA,BAL,4,6,10
6,175,HOU,LAD,7,8,9
6,175,OAK,TOR,3,7,9
6,175,LAA,COL,25,1,9
6,175,TEX,NYY,0,1,9
6,175,BOS,CHW,4,5,9
6,175,MIL,CLE,2,4,9
6,175,MIN,DET,2,3,9
6,175,KCR,TBR,9,4,9
6,175,ARI,SFG,6,7,9
6,175,WSN,SDP,2,0,9
6,175,CHC,STL,9,1,9
6,175,ATL,CIN,7,6,9
6,175,PIT,MIA,3,4,11
6,175,NYM,PHI,4,2,9
0,176,SEA,BAL,2,3,9
0,176,HOU,LAD,6,5,11
0,176,OAK,TOR,1,12,9
0,176,LAA,COL,3,4,9
0,176,TEX,NYY,3,5,9
0,176,BOS,CHW,1,4,9
0,176,MIL,CLE,5,4,10
0,176,MIN,DET,6,3,10
0,176,KCR,TBR,1,3,9
0,176,ARI,SFG,5,2,9
0,176,WSN,SDP,8,3,9
0,176,CHC,STL,5,7,9
0,176,ATL,CIN,7,6,9
0,176,PIT,MIA,0,2,9
0,176,NYM,PHI,6,7,9
1,177,WSN,SEA,4,8,9
1,177,CHW,LAA,1,2,9
1,177,DET,TEX,7,2,9
1,177,MIN,ATL,1,4,9
1,177,CIN,BAL,3,10,9
1,177,MIL,NYM,2,1,9
2,178,WSN,SEA,7,4,11
2,178,HOU,STL,2,4,9
2,178,NYY,OAK,1,2,9
2,178,CHW,LAA,2,4,9
2,178,DET,TEX,3,8,9
2,178,CLE,KCR,2,1,9
2,178,MIN,ATL,2,6,9
2,178,CIN,BAL,3,1,9
2,178,MIA,BOS,10,1,9
2,178,TBR,ARI,4,8,9
2,178,SFG,TOR,3,0,9
2,178,LAD,COL,5,0,9
2,178,SDP,PIT,4,9,9
2,178,PHI,CHC,5,1,9
2,178,MIL,NYM,2,7,9
3,179,WSN,SEA,4,1,9
3,179,HOU,STL,10,7,9
3,179,NYY,OAK,11,0,9
3,179,CHW,LAA,11,5,9
3,179,DET,TEX,2,10,9
3,179,CLE,KCR,14,1,9
3,179,MIN,ATL,0,3,9
3,179,CIN,BAL,11,7,10
3,179,MIA,BOS,6,2,9
3,179,TBR,ARI,3,2,9
3,179,SFG,TOR,1,6,9
3,179,LAD,COL,8,9,9
3,179,SDP,PIT,1,7,9
3,179,PHI,CHC,8,5,9
3,179,MIL,NYM,5,2,9
4,180,HOU,STL,14,0,9
4,180,NYY,OAK,10,4,9
4,180,CHW,LAA,9,7,9
4,180,DET,TEX,8,5,9
4,180,CLE,KCR,3,4,10
4,180,MIA,BOS,2,0,9
4,180,TBR,ARI,6,1,9
4,180,SFG,TOR,1,2,9
4,180,LAD,COL,14,3,9
4,180,SDP,PIT,4,5,9
4,180,PHI,CHC,3,1,9
4,180,MIL,NYM,3,2,9
5,181,TBR,SEA,15,4,9
5,181,HOU,TEX,5,3,9
5,181,CHW,OAK,4,7,9
5,181,ARI,LAA,6,2,9
5,181,CLE,CHC,1,10,9
5,181,DET,COL,5,8,9
5,181,LAD,KCR,9,3,9
5,181,MIN,BAL,8,1,9
5,181,BOS,TOR,5,0,9
5,181,SDP,CIN,5,7,11
5,181,SFG,NYM,5,4,9
5,181,MIL,PIT,7,8,9
5,181,MIA,ATL,4,16,9
5,181,WSN,PHI,2,1,9
6,182,TBR,SEA,3,8,9
6,182,HOU,TEX,2,5,9
6,182,CHW,OAK,6,7,10
6,182,ARI,LAA,3,1,9
6,182,CLE,CHC,6,0,9
6,182,DET,COL,4,2,10
6,182,LAD,KCR,4,6,9
6,182,MIN,BAL,1,0,9
6,182,BOS,TOR,7,6,9
6,182,NYY,STL,4,11,9
6,182,NYY,STL,6,2,9
6,182,SDP,CIN,12,5,9
6,182,SFG,NYM,1,4,9
6,182,MIL,PIT,11,8,9
6,182,MIA,ATL,0,7,9
6,182,WSN,PHI,4,19,9
0,183,TBR,SEA,6,7,9
0,183,HOU,TEX,5,3,9
0,183,CHW,OAK,8,7,9
0,183,ARI,LAA,2,5,9
0,183,CLE,CHC,8,6,10
0,183,DET,COL,14,9,9
0,183,LAD,KCR,1,9,9
0,183,MIN,BAL,1,2,9
0,183,BOS,TOR,5,4,9
0,183,NYY,STL,1,5,9
0,183,SDP,CIN,3,4,9
0,183,SFG,NYM,4,8,9
0,183,MIL,PIT,6,3,9
0,183,MIA,ATL,3,6,9
0,183,WSN,PHI,5,4,9
1,184,SEA,SFG,6,5,9
1,184,HOU,TEX,12,11,9
1,184,LAA,SDP,3,10,9
1,184,ATL,CLE,4,2,9
1,184,KCR,MIN,4,8,9
1,184,BAL,NYY,3,6,9
1,184,PIT,LAD,2,5,9
1,184,CHC,MIL,6,8,9
1,184,CIN,WSN,3,2,9
1,184,STL,MIA,4,5,9
2,185,SEA,SFG,6,0,9
2,185,COL,HOU,1,4,9
2,185,OAK,DET,1,0,10
2,185,LAA,SDP,5,8,9
2,185,TEX,BOS,6,2,9
2,185,TOR,CHW,4,3,9
2,185,ATL,CLE,5,6,10
2,185,KCR,MIN,3,9,9
2,185,BAL,NYY,4,8,9
2,185,PHI,TBR,3,1,9
2,185,NYM,ARI,8,5,9
2,185,PIT,LAD,9,7,9
2,185,CHC,MIL,7,6,11
2,185,CIN,WSN,8,4,9
2,185,STL,MIA,2,15,9
3,186,SEA,SFG,0,2,9
3,186,COL,HOU,4,6,9
3,186,OAK,DET,12,3,9
3,186,LAA,SDP,3,5,9
3,186,TEX,BOS,2,4,9
3,186,ATL,CLE,8,1,9
3,186,KCR,MIN,0,5,9
3,186,BAL,NYY,6,3,9
3,186,PHI,TBR,8,4,9
3,186,NYM,ARI,2,1,9
3,186,PIT,LAD,4,6,9
3,186,CHC,MIL,4,3,9
3,186,CIN,WSN,9,2,9
3,186,STL,MIA,9,10,9
4,187,SEA,HOU,5,1,9
4,187,OAK,DET,0,9,9
4,187,TEX,BOS,6,10,9
4,187,TOR,CHW,6,2,11
4,187,TOR,CHW,5,4,9
4,187,KCR,CLE,1,6,9
4,187,BAL,NYY,14,1,9
4,187,PHI,TBR,3,1,11
4,187,NYM,ARI,9,0,9
4,187,PIT,LAD,2,5,9
4,187,CHC,MIL,5,6,9
4,187,CIN,WSN,5,4,10
4,187,STL,MIA,3,0,9
5,188,SEA,HOU,10,1,9
5,188,OAK,BOS,3,7,9
5,188,LAA,LAD,4,11,9
5,188,TEX,WSN,7,2,9
5,188,STL,CHW,7,8,9
5,188,KCR,CLE,0,3,9
5,188,TOR,DET,12,2,9
5,188,BAL,MIN,3,1,10
5,188,CHC,NYY,3,0,9
5,188,ATL,TBR,2,1,9
5,188,PIT,ARI,3,7,9
5,188,COL,SFG,5,2,9
5,188,NYM,SDP,7,5,10
5,188,CIN,MIL,3,7,9
5,188,PHI,MIA,4,3,9
6,189,SEA,HOU,2,3,9
6,189,OAK,BOS,3,10,9
6,189,LAA,LAD,5,10,9
6,189,TEX,WSN,3,8,9
6,189,STL,CHW,3,0,9
6,189,KCR,CLE,6,10,9
6,189,TOR,DET,0,2,9
6,189,BAL,MIN,6,2,9
6,189,CHC,NYY,3,6,9
6,189,ATL,TBR,6,1,9
6,189,PIT,ARI,2,3,10
6,189,COL,SFG,3,5,9
6,189,NYM,SDP,1,3,9
6,189,CIN,MIL,8,5,9
6,189,PHI,MIA,3,5,9
0,190,SEA,HOU,3,1,9
0,190,OAK,BOS,3,4,9
0,190,TEX,WSN,2,7,9
0,190,STL,CHW,4,3,10
0,190,KCR,CLE,4,1,9
0,190,TOR,DET,4,3,10
0,190,BAL,MIN,15,2,9
0,190,CHC,NYY,7,4,9
0,190,ATL,TBR,4,10,9
0,190,PIT,ARI,4,2,9
0,190,COL,SFG,0,1,9
0,190,NYM,SDP,2,6,9
0,190,CIN,MIL,0,1,9
0,190,PHI,MIA,3,7,9
5,195,DET,SEA,5,4,9
5,195,HOU,LAA,7,5,9
5,195,MIN,OAK,5,4,9
5,195,CLE,TEX,4,12,9
5,195,CHW,ATL,0,9,9
5,195,MIA,BAL,2,5,9
5,195,BOS,CHC,8,3,9
5,195,NYY,COL,2,7,9
5,195,ARI,TOR,2,7,9
5,195,LAD,NYM,6,0,9
5,195,SDP,PHI,8,3,9
5,195,SFG,PIT,6,4,9
5,195,MIL,CIN,1,0,9
5,195,WSN,STL,7,5,10
6,196,DET,SEA,6,0,9
6,196,HOU,LAA,12,13,10
6,196,MIN,OAK,10,7,9
6,196,CLE,TEX,0,2,9
6,196,CHW,ATL,6,5,9
6,196,TBR,KCR,6,1,9
6,196,TBR,KCR,4,2,9
6,196,MIA,BAL,5,6,9
6,196,BOS,CHC,4,10,9
6,196,NYY,COL,6,3,9
6,196,ARI,TOR,2,5,9
6,196,LAD,NYM,5,1,9
6,196,SDP,PHI,4,6,9
6,196,SDP,PHI,4,9,9
6,196,SFG,PIT,3,1,9
6,196,MIL,CIN,3,0,9
6,196,WSN,STL,6,9,9
0,197,DET,SEA,0,2,9
0,197,HOU,LAA,9,8,9
0,197,MIN,OAK,5,4,9
0,197,CLE,TEX,5,6,9
0,197,CHW,ATL,8,1,9
0,197,TBR,KCR,4,8,9
0,197,MIA,BAL,4,5,9
0,197,BOS,CHC,11,5,9
0,197,NYY,COL,7,8,11
0,197,ARI,TOR,5,7,9
0,197,LAD,NYM,1,2,10
0,197,SDP,PHI,6,7,12
0,197,SFG,PIT,8,4,10
0,197,MIL,CIN,4,3,9
0,197,WSN,STL,4,8,9
1,198,MIN,SEA,6,7,9
1,198,BOS,OAK,7,0,9
1,198,NYY,LAA,3,4,10
1,198,TBR,TEX,2,3,9
1,198,CLE,PIT,11,0,9
1,198,DET,KCR,3,2,9
1,198,LAD,BAL,6,4,9
1,198,SFG,CIN,4,2,10
1,198,WSN,CHC,7,5,9
1,198,MIA,STL,4,6,9
2,199,MIN,SEA,10,3,9
2,199,HOU,COL,3,4,9
2,199,BOS,OAK,0,3,9
2,199,NYY,LAA,1,5,9
2,199,TBR,TEX,3,5,9
2,199,CHW,NYM,10,11,9
2,199,CLE,PIT,10,1,9
2,199,DET,KCR,10,11,9
2,199,LAD,BAL,10,3,9
2,199,SDP,TOR,9,1,9
2,199,ARI,ATL,16,13,9
2,199,SFG,CIN,11,10,9
2,199,WSN,CHC,3,17,9
2,199,MIL,PHI,3,4,9
2,199,MIA,STL,2,5,10
3,200,MIN,SEA,6,3,9
3,200,HOU,COL,4,1,9
3,200,BOS,OAK,5,6,9
3,200,NYY,LAA,3,7,9
3,200,TBR,TEX,1,5,9
3,200,CHW,NYM,1,5,9
3,200,CLE,PIT,5,7,9
3,200,DET,KCR,3,2,9
3,200,LAD,BAL,5,8,9
3,200,SDP,TOR,2,0,9
3,200,ARI,ATL,5,3,9
3,200,SFG,CIN,2,3,9
3,200,WSN,CHC,3,8,9
3,200,MIL,PHI,5,3,9
3,200,MIA,STL,4,6,9
4,201,MIN,SEA,0,5,9
4,201,HOU,OAK,3,1,9
4,201,CHW,NYM,6,2,9
4,201,DET,KCR,3,0,9
4,201,BAL,TBR,4,3,10
4,201,SDP,TOR,0,4,9
4,201,ARI,ATL,5,7,9
4,201,SFG,CIN,1,5,9
4,201,STL,CHC,7,2,9
4,201,MIL,PHI,4,0,9
5,202,TOR,SEA,2,3,9
5,202,HOU,OAK,6,4,9
5,202,PIT,LAA,5,8,9
5,202,LAD,TEX,11,5,9
5,202,CHW,MIN,4,9,9
5,202,PHI,CLE,5,6,9
5,202,SDP,DET,5,4,9
5,202,KCR,NYY,4,5,9
5,202,BAL,TBR,0,3,9
5,202,NYM,BOS,5,4,9
5,202,ARI,CIN,6,9,9
5,202,COL,MIA,6,1,9
5,202,SFG,WSN,3,5,9
5,202,STL,CHC,3,4,9
5,202,ATL,MIL,6,4,9
6,203,TOR,SEA,8,9,9
6,203,HOU,OAK,1,4,9
6,203,PIT,LAA,3,0,9
6,203,LAD,TEX,16,3,9
6,203,CHW,MIN,2,3,9
6,203,PHI,CLE,0,1,9
6,203,SDP,DET,14,3,9
6,203,KCR,NYY,2,5,9
6,203,BAL,TBR,6,5,9
6,203,NYM,BOS,6,8,9
6,203,ARI,CIN,2,4,9
6,203,COL,MIA,4,3,9
6,203,SFG,WSN,1,10,9
6,203,STL,CHC,6,8,9
6,203,ATL,MIL,3,4,9
0,204,TOR,SEA,4,3,9
0,204,HOU,OAK,3,2,9
0,204,PIT,LAA,5,7,9
0,204,LAD,TEX,4,8,9
0,204,CHW,MIN,4,5,12
0,204,PHI,CLE,8,5,10
0,204,SDP,DET,1,3,9
0,204,KCR,NYY,5,8,9
0,204,BAL,TBR,5,3,9
0,204,NYM,BOS,1,6,9
0,204,ARI,CIN,3,7,9
0,204,COL,MIA,2,3,10
0,204,SFG,WSN,1,6,9
0,204,STL,CHC,2,7,9
0,204,ATL,MIL,4,2,9
1,205,SEA,MIN,3,4,10
1,205,TEX,HOU,9,10,9
1,205,KCR,CLE,5,3,9
1,205,SFG,DET,1,5,9
1,205,BAL,PHI,3,2,9
1,205,TOR,LAD,6,3,11
1,205,STL,ARI,10,6,9
1,205,COL,WSN,10,6,9
1,205,PIT,SDP,8,4,9
1,205,CIN,MIL,2,3,9
2,206,SEA,MIN,9,7,9
2,206,TEX,HOU,3,4,9
2,206,OAK,SFG,1,2,9
2,206,LAA,DET,7,6,10
2,206,CHC,CHW,7,3,9
2,206,KCR,CLE,1,5,9
2,206,BAL,PHI,3,4,9
2,206,ATL,BOS,1,7,9
2,206,NYM,NYY,9,3,9
2,206,MIA,TBR,1,4,9
2,206,TOR,LAD,7,8,10
2,206,STL,ARI,1,3,9
2,206,COL,WSN,5,6,9
2,206,PIT,SDP,1,5,9
2,206,CIN,MIL,4,3,9
3,207,SEA,MIN,8,7,9
3,207,TEX,HOU,13,5,9
3,207,OAK,SFG,3,8,9
3,207,CHC,CHW,10,7,9
3,207,KCR,CLE,3,8,9
3,207,BAL,PHI,4,6,9
3,207,ATL,BOS,3,5,9
3,207,NYM,NYY,1,3,9
3,207,MIA,TBR,7,1,9
3,207,TOR,LAD,8,1,9
3,207,STL,ARI,11,7,9
3,207,COL,WSN,4,5,9
3,207,PIT,SDP,3,2,9
3,207,CIN,MIL,0,3,9
4,208,LAA,DET,6,0,9
4,208,LAA,DET,11,4,9
4,208,CLE,CHW,6,3,9
4,208,CHC,STL,10,3,9
4,208,WSN,NYM,1,2,9
5,209,SEA,ARI,5,2,9
5,209,TBR,HOU,4,3,9
5,209,OAK,COL,8,5,9
5,209,LAA,TOR,1,4,9
5,209,TEX,SDP,1,7,9
5,209,CLE,CHW,0,3,9
5,209,DET,MIA,5,6,9
5,209,MIN,KCR,5,8,10
5,209,NYY,BAL,0,1,9
5,209,BOS,SFG,3,2,9
5,209,CIN,LAD,6,5,9
5,209,CHC,STL,3,2,9
5,209,MIL,ATL,7,10,9
5,209,PHI,PIT,2,1,9
5,209,WSN,NYM,1,5,9
6,210,SEA,ARI,3,4,9
6,210,TBR,HOU,4,17,9
6,210,OAK,COL,11,3,9
6,210,LAA,TOR,1,6,9
6,210,TEX,SDP,0,4,9
6,210,CLE,CHW,2,7,9
6,210,DET,MIA,5,0,9
6,210,MIN,KCR,7,10,9
6,210,NYY,BAL,8,3,9
6,210,BOS,SFG,2,3,9
6,210,CIN,LAD,2,3,9
6,210,CHC,STL,5,1,9
6,210,MIL,ATL,5,11,9
6,210,PHI,PIT,6,7,9
6,210,WSN,NYM,11,6,9
0,211,SEA,ARI,4,0,9
0,211,TBR,HOU,8,2,9
0,211,OAK,COL,0,2,9
0,211,LAA,TOR,3,2,10
0,211,TEX,SDP,3,5,9
0,211,CLE,CHW,5,0,9
0,211,DET,MIA,6,8,9
0,211,MIN,KCR,1,2,9
0,211,NYY,BAL,3,9,9
0,211,BOS,SFG,3,4,11
0,211,CIN,LAD,9,0,9
0,211,CHC,STL,0,3,9
0,211,MIL,ATL,6,8,9
0,211,PHI,PIT,4,6,10
0,211,WSN,NYM,2,5,9
1,212,BOS,SEA,2,6,9
1,212,CLE,HOU,3,7,9
1,212,LAA,ATL,4,1,9
1,212,BAL,TOR,4,2,9
1,212,TBR,NYY,5,1,9
1,212,ARI,SFG,4,3,11
1,212,SDP,COL,3,4,10
1,212,CIN,CHC,6,5,9
1,212,MIL,WSN,3,5,9
1,212,PHI,MIA,4,2,9
2,213,BOS,SEA,6,4,9
2,213,CLE,HOU,0,2,9
2,213,OAK,LAD,3,7,9
2,213,LAA,ATL,1,5,9
2,213,CHW,TEX,0,2,9
2,213,DET,PIT,1,4,9
2,213,NYM,KCR,6,7,10
2,213,MIN,STL,3,2,9
2,213,BAL,TOR,13,3,9
2,213,TBR,NYY,5,2,9
2,213,ARI,SFG,3,4,9
2,213,SDP,COL,8,5,9
2,213,CIN,CHC,9,20,9
2,213,MIL,WSN,6,4,9
2,213,PHI,MIA,3,1,9
3,214,BOS,SEA,3,6,9
3,214,CLE,HOU,2,3,9
3,214,OAK,LAD,1,10,9
3,214,LAA,ATL,5,12,9
3,214,CHW,TEX,1,11,9
3,214,DET,PIT,6,3,9
3,214,NYM,KCR,0,4,9
3,214,MIN,STL,3,7,9
3,214,BAL,TOR,1,4,9
3,214,TBR,NYY,2,7,9
3,214,ARI,SFG,2,4,9
3,214,SDP,COL,11,1,9
3,214,CIN,CHC,6,16,9
3,214,MIL,WSN,2,3,9
3,214,PHI,MIA,8,9,12
4,215,SEA,LAA,5,3,9
4,215,HOU,NYY,3,4,9
4,215,OAK,LAD,2,8,9
4,215,CHW,TEX,3,5,9
4,215,NYM,KCR,2,9,9
4,215,MIN,STL,5,3,9
4,215,BAL,TOR,6,1,9
4,215,ARI,SFG,0,1,9
4,215,CIN,CHC,3,5,9
4,215,PIT,MIL,1,14,9
4,215,PHI,MIA,4,2,9
5,216,SEA,LAA,9,7,9
5,216,HOU,NYY,7,3,9
5,216,MIA,TEX,2,6,9
5,216,CHW,CLE,2,4,9
5,216,TBR,DET,8,0,9
5,216,KCR,PHI,7,5,9
5,216,ARI,MIN,2,3,9
5,216,NYM,BAL,3,10,9
5,216,TOR,BOS,7,3,9
5,216,COL,STL,9,4,9
5,216,LAD,SDP,10,5,9
5,216,ATL,CHC,8,0,9
5,216,WSN,CIN,6,3,10
5,216,PIT,MIL,8,4,9
6,217,SEA,LAA,3,2,9
6,217,HOU,NYY,1,3,9
6,217,SFG,OAK,1,2,9
6,217,MIA,TEX,8,9,9
6,217,CHW,CLE,7,4,9
6,217,TBR,DET,2,4,9
6,217,KCR,PHI,6,9,9
6,217,ARI,MIN,1,12,9
6,217,NYM,BAL,3,7,9
6,217,TOR,BOS,5,4,9
6,217,COL,STL,2,6,9
6,217,LAD,SDP,3,8,9
6,217,ATL,CHC,6,8,9
6,217,WSN,CIN,7,3,9
6,217,PIT,MIL,2,3,10
0,218,SEA,LAA,3,2,10
0,218,HOU,NYY,9,7,9
0,218,SFG,OAK,6,8,9
0,218,MIA,TEX,0,6,9
0,218,CHW,CLE,5,3,9
0,218,TBR,DET,10,6,9
0,218,KCR,PHI,4,8,9
0,218,ARI,MIN,3,5,9
0,218,NYM,BAL,0,2,9
0,218,TOR,BOS,13,1,9
0,218,COL,STL,1,0,9
0,218,LAD,SDP,8,2,9
0,218,ATL,CHC,4,6,9
0,218,WSN,CIN,6,3,9
0,218,PIT,MIL,4,1,9
1,219,TEX,OAK,5,3,9
1,219,SFG,LAA,8,3,9
1,219,NYY,CHW,1,5,9
1,219,TOR,CLE,3,1,9
1,219,MIN,DET,9,3,9
1,219,KCR,BOS,2,6,9
1,219,COL,MIL,1,12,9
1,219,LAD,SDP,13,7,9
1,219,CHC,NYM,2,11,9
1,219,MIA,CIN,2,5,9
1,219,ATL,PIT,6,7,9
2,220,SDP,SEA,0,2,9
2,220,HOU,BAL,7,6,9
2,220,TEX,OAK,6,1,9
2,220,SFG,LAA,5,7,9
2,220,NYY,CHW,7,1,9
2,220,TOR,CLE,0,1,9
2,220,MIN,DET,0,6,9
2,220,KCR,BOS,9,3,9
2,220,STL,TBR,2,4,9
2,220,LAD,ARI,5,4,9
2,220,COL,MIL,7,3,10
2,220,CHC,NYM,3,2,9
2,220,MIA,CIN,3,2,9
2,220,ATL,PIT,8,6,9
2,220,WSN,PHI,4,8,9
2,220,WSN,PHI,5,4,9
3,221,SDP,SEA,1,6,9
3,221,HOU,BAL,8,2,9
3,221,TEX,OAK,0,2,9
3,221,SFG,LAA,1,4,9
3,221,NYY,CHW,2,9,9
3,221,TOR,CLE,1,0,9
3,221,MIN,DET,5,9,9
3,221,KCR,BOS,3,4,9
3,221,STL,TBR,6,4,9
3,221,LAD,ARI,2,0,9
3,221,COL,MIL,6,7,10
3,221,CHC,NYM,3,4,9
3,221,MIA,CIN,5,4,9
3,221,ATL,PIT,6,5,9
3,221,WSN,PHI,0,7,9
4,222,HOU,BAL,4,5,9
4,222,TOR,CLE,3,4,9
4,222,MIN,DET,0,3,9
4,222,KCR,BOS,0,2,9
4,222,STL,TBR,5,2,9
4,222,COL,LAD,1,2,9
4,222,ATL,PIT,5,7,9
4,222,WSN,PHI,2,6,9
5,223,BAL,SEA,2,9,9
5,223,LAA,HOU,3,11,9
5,223,OAK,WSN,2,8,9
5,223,TEX,SFG,2,1,9
5,223,MIL,CHW,7,6,10
5,223,CLE,TBR,8,9,9
5,223,DET,BOS,2,5,9
5,223,STL,KCR,8,12,9
5,223,MIN,PHI,2,13,9
5,223,NYY,MIA,9,4,9
5,223,CHC,TOR,6,2,9
5,223,SDP,ARI,10,5,9
5,223,COL,LAD,1,6,9
5,223,CIN,PIT,9,2,9
5,223,ATL,NYM,7,0,9
6,224,BAL,SEA,1,0,10
6,224,LAA,HOU,3,11,9
6,224,OAK,WSN,2,3,9
6,224,TEX,SFG,9,3,9
6,224,MIL,CHW,3,2,9
6,224,CLE,TBR,5,6,9
6,224,DET,BOS,6,2,9
6,224,STL,KCR,5,4,9
6,224,MIN,PHI,8,1,9
6,224,NYY,MIA,1,3,9
6,224,CHC,TOR,5,4,9
6,224,SDP,ARI,0,3,9
6,224,COL,LAD,1,4,9
6,224,ATL,NYM,21,3,9
6,224,ATL,NYM,6,0,9
0,225,BAL,SEA,5,3,10
0,225,LAA,HOU,2,1,9
0,225,OAK,WSN,7,8,9
0,225,TEX,SFG,2,3,10
0,225,MIL,CHW,7,3,9
0,225,CLE,TBR,9,2,9
0,225,DET,BOS,3,6,9
0,225,MIN,PHI,3,0,9
0,225,NYY,MIA,7,8,9
0,225,CHC,TOR,4,11,9
0,225,SDP,ARI,4,5,9
0,225,COL,LAD,3,8,9
0,225,CIN,PIT,2,4,9
0,225,CIN,PIT,6,5,10
0,225,ATL,NYM,6,7,9
1,226,SEA,KCR,6,7,9
1,226,HOU,MIA,1,5,9
1,226,OAK,STL,5,7,9
1,226,LAA,TEX,0,12,9
1,226,BAL,SDP,4,1,9
1,226,NYY,ATL,3,11,9
1,226,TBR,SFG,10,2,9
1,226,ARI,COL,4,6,9
1,226,PIT,NYM,2,7,9
2,227,SEA,KCR,10,8,10
2,227,HOU,MIA,6,5,9
2,227,OAK,STL,2,6,9
2,227,LAA,TEX,3,7,9
2,227,CHW,CHC,5,3,9
2,227,CLE,CIN,3,0,9
2,227,DET,MIN,3,5,9
2,227,BAL,SDP,3,10,9
2,227,BOS,WSN,5,4,9
2,227,NYY,ATL,0,5,9
2,227,TBR,SFG,0,7,9
2,227,PHI,TOR,1,2,9
2,227,ARI,COL,8,5,9
2,227,MIL,LAD,2,6,9
2,227,PIT,NYM,7,4,9
3,228,SEA,KCR,6,5,9
3,228,HOU,MIA,12,5,9
3,228,OAK,STL,8,0,9
3,228,LAA,TEX,2,0,9
3,228,CHW,CHC,3,4,9
3,228,CLE,CIN,2,7,9
3,228,DET,MIN,8,7,9
3,228,BAL,SDP,2,5,9
3,228,BOS,WSN,2,6,9
3,228,NYY,ATL,0,2,9
3,228,TBR,SFG,6,1,9
3,228,PHI,TOR,9,4,9
3,228,ARI,COL,9,7,9
3,228,MIL,LAD,1,7,9
3,228,PIT,NYM,3,8,9
4,229,SEA,KCR,6,4,9
4,229,BOS,WSN,7,10,9
4,229,ARI,SDP,3,1,9
4,229,MIL,LAD,0,1,9
4,229,NYM,STL,4,2,9
5,230,SEA,HOU,2,0,9
5,230,BAL,OAK,9,4,9
5,230,TBR,LAA,9,6,10
5,230,MIL,TEX,9,8,9
5,230,CHW,COL,1,14,9
5,230,DET,CLE,4,2,9
5,230,DET,CLE,1,4,9
5,230,KCR,CHC,4,3,9
5,230,PIT,MIN,1,5,9
5,230,BOS,NYY,8,3,9
5,230,TOR,CIN,0,1,9
5,230,ARI,SDP,0,4,9
5,230,MIA,LAD,11,3,9
5,230,SFG,ATL,0,4,9
5,230,NYM,STL,7,1,9
5,230,PHI,WSN,7,8,9
6,231,SEA,HOU,10,3,9
6,231,BAL,OAK,7,2,10
6,231,TBR,LAA,6,7,9
6,231,TBR,LAA,18,4,9
6,231,MIL,TEX,6,1,9
6,231,CHW,COL,5,11,9
6,231,DET,CLE,4,3,9
6,231,KCR,CHC,4,6,9
6,231,PIT,MIN,7,4,9
6,231,BOS,NYY,8,1,9
6,231,TOR,CIN,4,3,9
6,231,ARI,SDP,6,4,9
6,231,ARI,SDP,8,1,9
6,231,MIA,LAD,1,3,9
6,231,MIA,LAD,1,3,9
6,231,SFG,ATL,5,6,9
6,231,NYM,STL,13,2,9
6,231,PHI,WSN,12,3,9
0,232,SEA,HOU,7,6,9
0,232,BAL,OAK,12,1,9
0,232,MIL,TEX,6,2,9
0,232,CHW,COL,10,5,9
0,232,DET,CLE,4,1,9
0,232,KCR,CHC,3,4,9
0,232,PIT,MIN,0,2,9
0,232,BOS,NYY,6,5,9
0,232,TOR,CIN,10,3,9
0,232,SFG,ATL,4,3,9
0,232,NYM,STL,3,7,9
0,232,PHI,WSN,3,4,9
1,233,SEA,CHW,14,2,9
1,233,BOS,HOU,4,9,9
1,233,KCR,OAK,4,6,9
1,233,TEX,ARI,3,4,11
1,233,CHC,DET,7,6,9
1,233,MIA,SDP,2,6,9
1,233,SFG,PHI,4,10,9
1,233,STL,PIT,1,11,9
1,233,NYM,ATL,10,4,9
2,234,SEA,CHW,6,3,9
2,234,BOS,HOU,3,7,9
2,234,KCR,OAK,4,5,9
2,234,CIN,LAA,4,3,9
2,234,TEX,ARI,3,6,9
2,234,LAD,CLE,3,8,9
2,234,CHC,DET,6,8,9
2,234,MIN,MIL,3,7,9
2,234,TOR,BAL,6,3,10
2,234,WSN,NYY,2,1,9
2,234,COL,TBR,4,12,9
2,234,MIA,SDP,3,0,9
2,234,SFG,PHI,3,4,9
2,234,STL,PIT,3,6,9
2,234,NYM,ATL,2,3,9
3,235,SEA,CHW,4,5,10
3,235,BOS,HOU,7,5,10
3,235,KCR,OAK,4,0,9
3,235,CIN,LAA,9,4,9
3,235,CIN,LAA,7,3,9
3,235,LAD,CLE,6,1,9
3,235,CHC,DET,6,4,9
3,235,MIN,MIL,7,8,10
3,235,TOR,BAL,0,7,9
3,235,WSN,NYY,1,9,9
3,235,COL,TBR,5,6,10
3,235,MIA,SDP,0,4,9
3,235,SFG,PHI,8,6,10
3,235,STL,PIT,6,4,9
3,235,NYM,ATL,0,7,9
4,236,BOS,HOU,17,1,9
4,236,OAK,CHW,8,5,9
4,236,TEX,MIN,5,7,9
4,236,LAD,CLE,9,3,9
4,236,TOR,BAL,3,5,9
4,236,WSN,NYY,6,5,9
4,236,COL,TBR,3,5,9
4,236,CIN,ARI,2,3,9
4,236,CHC,PIT,5,4,10
5,237,KCR,SEA,5,7,9
5,237,HOU,DET,1,4,9
5,237,OAK,CHW,12,4,9
5,237,LAA,NYM,3,1,9
5,237,TEX,MIN,2,12,9
5,237,CLE,TOR,5,2,9
5,237,COL,BAL,4,5,9
5,237,LAD,BOS,7,4,9
5,237,NYY,TBR,6,2,9
5,237,CIN,ARI,8,10,9
5,237,SDP,MIL,3,7,9
5,237,ATL,SFG,5,1,9
5,237,CHC,PIT,1,2,9
5,237,STL,PHI,2,7,9
5,237,WSN,MIA,7,4,9
6,238,KCR,SEA,2,15,9
6,238,HOU,DET,9,2,9
6,238,OAK,CHW,2,6,9
6,238,LAA,NYM,5,3,9
6,238,TEX,MIN,6,2,9
6,238,CLE,TOR,3,8,9
6,238,COL,BAL,4,5,9
6,238,LAD,BOS,5,8,9
6,238,NYY,TBR,0,3,9
6,238,CIN,ARI,8,7,11
6,238,SDP,MIL,4,5,9
6,238,ATL,SFG,7,3,9
6,238,CHC,PIT,10,6,9
6,238,STL,PHI,1,12,9
6,238,WSN,MIA,3,2,9
0,239,KCR,SEA,2,3,9
0,239,HOU,DET,17,4,9
0,239,OAK,CHW,1,6,9
0,239,LAA,NYM,2,3,9
0,239,TEX,MIN,6,7,13
0,239,CLE,TOR,10,7,11
0,239,COL,BAL,4,3,9
0,239,LAD,BOS,7,4,9
0,239,NYY,TBR,4,7,9
0,239,CIN,ARI,2,5,9
0,239,SDP,MIL,6,10,9
0,239,ATL,SFG,5,8,9
0,239,CHC,PIT,10,1,9
0,239,STL,PHI,0,3,9
0,239,WSN,MIA,1,2,9
1,240,OAK,SEA,0,7,9
1,240,HOU,BOS,13,5,9
1,240,LAA,PHI,4,6,9
1,240,TEX,NYM,4,3,9
1,240,CHW,BAL,0,9,9
1,240,CLE,MIN,6,10,9
1,240,NYY,DET,4,1,9
1,240,PIT,KCR,5,0,9
1,240,WSN,TOR,3,6,9
1,240,ARI,LAD,4,7,9
1,240,ATL,COL,14,4,9
1,240,SDP,STL,4,1,9
1,240,CIN,SFG,1,4,9
1,240,MIL,CHC,6,2,9
2,241,OAK,SEA,3,1,9
2,241,HOU,BOS,6,2,9
2,241,LAA,PHI,7,12,9
2,241,TEX,NYM,2,1,9
2,241,CHW,BAL,3,9,9
2,241,CLE,MIN,4,2,9
2,241,NYY,DET,4,2,9
2,241,PIT,KCR,6,3,9
2,241,TBR,MIA,11,2,9
2,241,WSN,TOR,5,4,9
2,241,ARI,LAD,1,9,9
2,241,ATL,COL,3,1,9
2,241,SDP,STL,5,6,10
2,241,CIN,SFG,1,6,9
2,241,MIL,CHC,0,1,9
3,242,OAK,SEA,4,5,9
3,242,HOU,BOS,7,4,9
3,242,LAA,PHI,10,8,9
3,242,TEX,NYM,5,6,10
3,242,CHW,BAL,10,5,9
3,242,CLE,MIN,5,2,10
3,242,NYY,DET,6,2,9
3,242,PIT,KCR,4,1,9
3,242,TBR,MIA,3,0,10
3,242,WSN,TOR,0,7,9
3,242,ARI,LAD,0,7,9
3,242,ATL,COL,7,3,9
3,242,SDP,STL,4,5,9
3,242,CIN,SFG,4,1,9
3,242,MIL,CHC,2,3,9
4,243,NYY,DET,3,4,10
4,243,ATL,LAD,8,7,9
4,243,SFG,SDP,7,2,9
4,243,MIA,WSN,6,1,9
5,244,SEA,NYM,1,2,9
5,244,NYY,HOU,6,2,9
5,244,LAA,OAK,2,9,9
5,244,MIN,TEX,5,1,9
5,244,DET,CHW,4,2,9
5,244,TBR,CLE,2,3,9
5,244,BOS,KCR,2,13,9
5,244,BAL,ARI,2,4,9
5,244,TOR,COL,13,9,9
5,244,ATL,LAD,6,3,9
5,244,SFG,SDP,3,7,9
5,244,CHC,CIN,6,2,9
5,244,CHC,CIN,2,3,9
5,244,PHI,MIL,5,7,9
5,244,PIT,STL,4,2,10
5,244,MIA,WSN,8,5,11
6,245,SEA,NYM,8,7,9
6,245,NYY,HOU,5,4,9
6,245,LAA,OAK,1,2,9
6,245,MIN,TEX,9,7,10
6,245,DET,CHW,10,0,9
6,245,TBR,CLE,6,7,11
6,245,BOS,KCR,9,5,9
6,245,BAL,ARI,7,3,9
6,245,TOR,COL,7,8,9
6,245,ATL,LAD,4,2,10
6,245,SFG,SDP,1,6,9
6,245,CHC,CIN,1,2,9
6,245,PHI,MIL,5,7,9
6,245,PIT,STL,7,6,9
6,245,MIA,WSN,11,5,9
0,246,SEA,NYM,3,6,9
0,246,NYY,HOU,6,1,9
0,246,LAA,OAK,6,10,9
0,246,MIN,TEX,5,6,9
0,246,DET,CHW,3,2,9
0,246,TBR,CLE,6,2,9
0,246,BOS,KCR,7,3,9
0,246,BAL,ARI,8,5,9
0,246,TOR,COL,7,5,9
0,246,ATL,LAD,1,3,9
0,246,SFG,SDP,0,4,9
0,246,CHC,CIN,15,7,9
0,246,PHI,MIL,4,2,9
0,246,PIT,STL,4,6,9
0,246,MIA,WSN,6,4,9
1,247,SEA,CIN,3,6,9
1,247,HOU,TEX,13,6,9
1,247,TOR,OAK,6,5,10
1,247,BAL,LAA,6,3,9
1,247,CHW,KCR,1,12,9
1,247,MIN,CLE,20,6,9
1,247,BOS,TBR,7,3,9
1,247,COL,ARI,2,4,9
1,247,PHI,SDP,9,7,9
1,247,SFG,CHC,0,5,9
1,247,MIL,PIT,2,4,9
2,248,SEA,CIN,6,7,9
2,248,HOU,TEX,14,1,9
2,248,TOR,OAK,7,1,9
2,248,BAL,LAA,5,4,10
2,248,CHW,KCR,6,7,9
2,248,MIN,CLE,8,3,9
2,248,DET,NYY,1,5,9
2,248,BOS,TBR,6,8,11
2,248,COL,ARI,3,2,9
2,248,LAD,MIA,3,6,9
2,248,PHI,SDP,0,8,9
2,248,SFG,CHC,8,11,9
2,248,MIL,PIT,7,3,9
2,248,STL,ATL,10,6,9
2,248,NYM,WSN,11,5,9
3,249,SEA,CIN,8,4,9
3,249,HOU,TEX,12,3,9
3,249,TOR,OAK,2,5,9
3,249,BAL,LAA,10,3,9
3,249,CHW,KCR,6,4,9
3,249,MIN,CLE,1,2,9
3,249,DET,NYY,3,4,9
3,249,BOS,TBR,1,3,9
3,249,COL,ARI,5,12,9
3,249,LAD,MIA,4,11,9
3,249,PHI,SDP,5,1,9
3,249,SFG,CHC,2,8,9
3,249,MIL,PIT,4,5,9
3,249,STL,ATL,11,6,9
3,249,NYM,WSN,2,3,9
4,250,SEA,TBR,1,0,9
4,250,CLE,LAA,2,3,9
4,250,DET,NYY,10,3,9
4,250,ARI,CHC,6,2,9
4,250,LAD,MIA,10,0,9
4,250,STL,ATL,5,8,9
5,251,SEA,TBR,4,7,9
5,251,SDP,HOU,11,2,9
5,251,OAK,TEX,6,3,9
5,251,CLE,LAA,6,3,9
5,251,CHW,DET,6,0,9
5,251,KCR,TOR,4,5,9
5,251,NYM,MIN,2,5,9
5,251,BAL,BOS,11,2,9
5,251,MIL,NYY,8,2,9
5,251,ARI,CHC,1,0,9
5,251,COL,SFG,8,9,9
5,251,LAD,WSN,8,5,9
5,251,STL,CIN,9,4,9
5,251,PIT,ATL,2,8,9
5,251,MIA,PHI,3,2,9
6,252,SEA,TBR,5,7,9
6,252,SDP,HOU,5,7,9
6,252,OAK,TEX,2,3,9
6,252,CLE,LAA,2,6,9
6,252,CHW,DET,1,3,9
6,252,KCR,TOR,1,5,9
6,252,NYM,MIN,4,8,9
6,252,BAL,BOS,13,12,9
6,252,MIL,NYY,9,2,9
6,252,ARI,CHC,3,2,10
6,252,COL,SFG,1,9,9
6,252,LAD,WSN,6,7,11
6,252,STL,CIN,4,3,9
6,252,PIT,ATL,8,4,9
6,252,MIA,PHI,4,8,9
0,253,SEA,TBR,3,6,9
0,253,SDP,HOU,2,12,9
0,253,OAK,TEX,4,9,9
0,253,CLE,LAA,1,2,9
0,253,CHW,DET,2,3,9
0,253,KCR,TOR,2,5,9
0,253,NYM,MIN,2,0,9
0,253,BAL,BOS,3,7,9
0,253,MIL,NYY,3,4,13
0,253,ARI,CHC,2,5,9
0,253,COL,SFG,3,6,9
0,253,LAD,WSN,7,3,9
0,253,STL,CIN,1,7,9
0,253,PIT,ATL,2,5,9
0,253,MIA,PHI,5,4,9
1,254,LAA,SEA,8,5,11
1,254,OAK,HOU,4,0,9
1,254,TEX,TOR,10,4,9
1,254,CLE,SFG,4,5,10
1,254,TBR,MIN,7,4,9
1,254,STL,BAL,5,11,9
1,254,ARI,NYM,4,3,9
1,254,CHC,COL,5,4,9
1,254,SDP,LAD,11,8,9
1,254,MIA,MIL,0,12,9
1,254,WSN,PIT,6,2,9
1,254,ATL,PHI,10,8,10
1,254,ATL,PHI,5,7,9
2,255,LAA,SEA,0,8,9
2,255,OAK,HOU,6,2,9
2,255,TEX,TOR,6,3,9
2,255,KCR,CHW,2,6,9
2,255,KCR,CHW,11,10,9
2,255,CLE,SFG,3,1,9
2,255,CIN,DET,6,5,10
2,255,TBR,MIN,2,3,9
2,255,STL,BAL,5,2,9
2,255,NYY,BOS,3,2,9
2,255,NYY,BOS,4,1,9
2,255,ARI,NYM,4,7,9
2,255,CHC,COL,4,6,9
2,255,SDP,LAD,2,11,9
2,255,MIA,MIL,1,3,9
2,255,WSN,PIT,1,5,9
2,255,ATL,PHI,7,6,10
3,256,LAA,SEA,2,3,9
3,256,OAK,HOU,2,6,9
3,256,TEX,TOR,10,0,9
3,256,KCR,CHW,7,1,9
3,256,CLE,SFG,5,6,10
3,256,CIN,DET,4,3,9
3,256,TBR,MIN,5,4,9
3,256,STL,BAL,1,0,9
3,256,ARI,NYM,1,7,9
3,256,CHC,COL,3,7,9
3,256,SDP,LAD,6,1,9
3,256,MIA,MIL,2,0,9
3,256,WSN,PIT,6,7,9
3,256,ATL,PHI,4,1,9
4,257,TEX,TOR,9,2,9
4,257,MIN,CHW,10,2,9
4,257,CIN,DET,2,8,9
4,257,TBR,BAL,4,3,9
4,257,NYY,BOS,0,5,9
4,257,NYY,BOS,8,5,9
4,257,ARI,NYM,1,11,9
4,257,MIA,MIL,2,4,9
4,257,WSN,PIT,0,2,9
5,258,LAD,SEA,6,3,9
5,258,HOU,KCR,2,4,9
5,258,SDP,OAK,8,3,9
5,258,DET,LAA,11,2,9
5,258,TEX,CLE,3,12,9
5,258,MIN,CHW,10,2,9
5,258,TBR,BAL,7,1,9
5,258,BOS,TOR,0,3,9
5,258,NYY,PIT,7,5,9
5,258,CHC,ARI,4,6,9
5,258,SFG,COL,2,3,9
5,258,CIN,NYM,5,3,9
5,258,WSN,MIL,3,5,9
5,258,PHI,STL,5,4,9
5,258,ATL,MIA,6,9,9
6,259,LAD,SEA,6,2,11
6,259,HOU,KCR,8,10,9
6,259,SDP,OAK,5,2,9
6,259,DET,LAA,5,4,10
6,259,TEX,CLE,1,2,9
6,259,MIN,CHW,6,7,9
6,259,TBR,BAL,0,8,9
6,259,BOS,TOR,3,4,13
6,259,NYY,PIT,6,3,9
6,259,CHC,ARI,6,7,13
6,259,SFG,COL,5,9,9
6,259,SFG,COL,2,5,9
6,259,CIN,NYM,3,2,9
6,259,WSN,MIL,5,9,9
6,259,PHI,STL,6,1,9
6,259,ATL,MIA,5,11,9
0,260,LAD,SEA,6,1,9
0,260,HOU,KCR,7,1,9
0,260,SDP,OAK,10,1,9
0,260,DET,LAA,5,3,9
0,260,TEX,CLE,2,9,9
0,260,MIN,CHW,4,0,9
0,260,TBR,BAL,4,5,11
0,260,BOS,TOR,2,3,9
0,260,NYY,PIT,2,3,9
0,260,CHC,ARI,2,6,9
0,260,SFG,COL,11,10,9
0,260,CIN,NYM,4,8,9
0,260,WSN,MIL,2,1,11
0,260,PHI,STL,5,6,9
0,260,ATL,MIA,2,16,9
1,261,SEA,OAK,5,0,9
1,261,BAL,HOU,8,7,9
1,261,BOS,TEX,4,2,9
1,261,CHW,WSN,6,1,9
1,261,CLE,KCR,4,6,9
1,261,DET,LAD,3,8,9
1,261,MIN,CIN,3,7,9
1,261,COL,SDP,9,11,9
1,261,MIL,STL,0,1,9
1,261,PHI,ATL,7,1,9
1,261,NYM,MIA,2,1,9
2,262,SEA,OAK,7,2,9
2,262,BAL,HOU,9,5,9
2,262,LAA,TBR,2,6,9
2,262,BOS,TEX,4,6,9
2,262,CHW,WSN,3,4,9
2,262,CLE,KCR,6,7,9
2,262,DET,LAD,2,3,9
2,262,MIN,CIN,7,0,9
2,262,TOR,NYY,7,1,9
2,262,SFG,ARI,4,8,9
2,262,COL,SDP,0,2,9
2,262,PIT,CHC,1,14,9
2,262,MIL,STL,7,3,9
2,262,PHI,ATL,3,9,9
2,262,NYM,MIA,3,4,9
3,263,SEA,OAK,6,3,9
3,263,BAL,HOU,1,2,9
3,263,LAA,TBR,8,3,9
3,263,BOS,TEX,5,15,9
3,263,CHW,WSN,3,13,9
3,263,CLE,KCR,2,6,9
3,263,DET,LAD,4,2,9
3,263,MIN,CIN,5,3,9
3,263,TOR,NYY,6,1,9
3,263,SFG,ARI,1,7,9
3,263,COL,SDP,2,3,9
3,263,PIT,CHC,13,7,9
3,263,MIL,STL,8,2,9
3,263,PHI,ATL,6,5,10
3,263,NYM,MIA,8,3,9
4,264,DET,OAK,7,3,9
4,264,LAA,TBR,4,5,9
4,264,BAL,CLE,2,5,9
4,264,TOR,NYY,3,5,9
4,264,SFG,LAD,2,7,9
4,264,PIT,CHC,8,6,9
4,264,MIL,STL,6,0,9
4,264,ATL,WSN,10,3,9
4,264,NYM,PHI,4,5,9
5,265,SEA,TEX,5,8,9
5,265,KCR,HOU,7,5,9
5,265,DET,OAK,2,8,9
5,265,LAA,MIN,6,8,9
5,265,CHW,BOS,2,3,9
5,265,BAL,CLE,8,9,9
5,265,ARI,NYY,1,7,9
5,265,TOR,TBR,6,2,9
5,265,COL,CHC,0,6,9
5,265,SFG,LAD,5,1,9
5,265,STL,SDP,2,4,9
5,265,PIT,CIN,7,5,9
5,265,MIL,MIA,16,1,9
5,265,ATL,WSN,9,6,9
5,265,NYM,PHI,4,5,10
6,266,SEA,TEX,0,2,9
6,266,KCR,HOU,3,2,9
6,266,DET,OAK,1,4,9
6,266,LAA,MIN,1,0,9
6,266,CHW,BOS,1,0,9
6,266,BAL,CLE,2,1,9
6,266,TOR,TBR,6,7,9
6,266,COL,CHC,3,6,9
6,266,SFG,LAD,0,7,9
6,266,STL,SDP,5,2,11
6,266,PIT,CIN,13,12,9
6,266,MIL,MIA,4,5,9
6,266,NYM,PHI,5,7,9
0,267,SEA,TEX,8,9,9
0,267,KCR,HOU,6,5,9
0,267,DET,OAK,2,0,9
0,267,LAA,MIN,3,9,9
0,267,CHW,BOS,3,2,6
0,267,BAL,CLE,5,1,9
0,267,ARI,NYY,7,1,9
0,267,TOR,TBR,9,5,9
0,267,COL,CHC,3,4,9
0,267,SFG,LAD,2,3,10
0,267,STL,SDP,2,12,9
0,267,PIT,CIN,2,4,9
0,267,MIL,MIA,1,6,9
0,267,ATL,WSN,2,3,9
0,267,ATL,WSN,8,5,9
0,267,NYM,PHI,2,5,9
1,268,HOU,SEA,5,1,9
1,268,TEX,LAA,5,1,9
1,268,ARI,NYY,4,6,9
1,268,SDP,SFG,1,2,9
2,269,HOU,SEA,2,6,9
2,269,OAK,MIN,3,11,9
2,269,TEX,LAA,3,9,9
2,269,ARI,CHW,15,4,9
2,269,CIN,CLE,11,7,9
2,269,KCR,DET,3,6,9
2,269,WSN,BAL,0,1,9
2,269,TBR,BOS,9,7,9
2,269,NYY,TOR,2,0,9
2,269,LAD,COL,1,4,9
2,269,LAD,COL,11,2,9
2,269,SDP,SFG,4,0,9
2,269,CHC,ATL,6,7,9
2,269,STL,MIL,4,1,9
2,269,PIT,PHI,2,3,10
3,270,HOU,SEA,8,3,9
3,270,OAK,MIN,4,6,9
3,270,TEX,LAA,5,0,9
3,270,ARI,CHW,3,0,9
3,270,CIN,CLE,3,4,9
3,270,KCR,DET,0,8,9
3,270,WSN,BAL,1,5,9
3,270,TBR,BOS,5,0,9
3,270,NYY,TOR,6,0,9
3,270,LAD,COL,8,2,9
3,270,SDP,SFG,5,2,10
3,270,CHC,ATL,5,6,10
3,270,STL,MIL,2,3,9
3,270,PIT,PHI,6,7,9
3,270,MIA,NYM,2,11,9
3,270,MIA,NYM,4,2,9
4,271,TEX,SEA,2,3,9
4,271,OAK,MIN,2,1,9
4,271,ARI,CHW,1,3,9
4,271,KCR,DET,3,7,9
4,271,BOS,BAL,0,2,9
4,271,NYY,TOR,0,6,9
4,271,LAD,COL,5,14,9
4,271,CHC,ATL,3,5,9
4,271,STL,MIL,0,3,9
4,271,PIT,PHI,3,2,9
4,271,MIA,NYM,0,1,8
5,272,TEX,SEA,0,8,9
5,272,HOU,ARI,2,1,9
5,272,OAK,LAA,1,5,9
5,272,SDP,CHW,3,2,9
5,272,CLE,DET,7,5,9
5,272,NYY,KCR,5,12,9
5,272,MIN,COL,7,6,9
5,272,BOS,BAL,3,0,9
5,272,TBR,TOR,4,11,9
5,272,LAD,SFG,6,2,9
5,272,CHC,MIL,3,4,10
5,272,CIN,STL,19,2,9
5,272,MIA,PIT,4,3,9
5,272,WSN,ATL,10,6,9
6,273,TEX,SEA,6,1,9
6,273,HOU,ARI,1,0,9
6,273,OAK,LAA,7,3,9
6,273,SDP,CHW,6,1,9
6,273,CLE,DET,0,8,9
6,273,NYY,KCR,5,2,9
6,273,MIN,COL,14,6,9
6,273,BOS,BAL,2,5,9
6,273,TBR,TOR,7,5,10
6,273,LAD,SFG,1,2,9
6,273,CHC,MIL,10,6,9
6,273,CIN,STL,6,15,9
6,273,MIA,PIT,7,3,9
6,273,WSN,ATL,3,5,9
6,273,PHI,NYM,3,4,9
6,273,PHI,NYM,4,11,9
0,274,TEX,SEA,0,1,9
0,274,HOU,ARI,8,1,9
0,274,OAK,LAA,3,7,9
0,274,SDP,CHW,2,1,11
0,274,CLE,DET,2,5,9
0,274,NYY,KCR,2,5,9
0,274,MIN,COL,2,3,11
0,274,BOS,BAL,6,1,9
0,274,TBR,TOR,12,8,9
0,274,LAD,SFG,5,2,9
0,274,CHC,MIL,0,4,9
0,274,CIN,STL,3,4,9
0,274,MIA,PIT,0,3,9
0,274,WSN,ATL,10,9,9
0,274,PHI,NYM,9,1,9
